"ID histórico";"Código anterior";"Nombre anterior";"Código vigente";"Nombre vigente";"Resultado"
"62-egger-1502-1";"62-EGGER-1502";"BLANCO LISA";"62-EGGER-1503";"MELAMINA 15MM - BLANCO LISA - EGGER";"Equivalencia verificada"
"62-egger-1501-2";"62-EGGER-1501";"BLANCO POROSA";"62-EGGER-1501";"MELAMINA 15MM - BLANCO POROSA - EGGER";"Equivalencia verificada"
"62-egger-1520-3";"62-EGGER-1520";"CEREZO LOCARNO- EGGER";"62-EGGER-1520";"MELAMINA 15MM - CEREZO LOCARNO- EGGER";"Equivalencia verificada"
"62-egger-1512-4";"62-EGGER-1512";"CHROMIX BLANCO";"62-EGGER-1512";"MELAMINA 15MM - CHROMIX BLANCO - EGGER";"Equivalencia verificada"
"62-egger-1513-5";"62-EGGER-1513";"CHROMIX PLATA";"62-EGGER-1513";"MELAMINA 15MM - CHROMIX PLATA - EGGER";"Equivalencia verificada"
"62-egger-1523-6";"62-EGGER-1523";"COCO BOLO- EGGER";"62-EGGER-1523";"MELAMINA 15MM - COCO BOLO- EGGER";"Equivalencia verificada"
"62-egger-1507-7";"62-EGGER-1507";"GRIS ARCILLA";"62-EGGER-1507";"MELAMINA 15MM - GRIS ARCILLA - EGGER";"Equivalencia verificada"
"62-egger-1504-8";"62-EGGER-1504";"GRIS CACHEMIRA";"62-EGGER-1504";"MELAMINA 15MM - GRIS CACHEMIRA";"Equivalencia verificada"
"62-egger-1506-9";"62-EGGER-1506";"GRIS CUBANITA- EGGER";"62-EGGER-1506";"MELAMINA 15MM - GRIS CUBANITA- EGGER";"Equivalencia verificada"
"62-egger-1537-10";"62-EGGER-1537";"GRIS MACADAN";"62-EGGER-1537";"MELAMINA 15MM - GRIS MACADAN - EGGER";"Equivalencia verificada"
"62-egger-1538-11";"62-EGGER-1538";"GRIS PERLA";"62-EGGER-1538";"MELAMINA 15MM - GRIS PERLA - EGGER";"Equivalencia verificada"
"62-egger-1539-12";"62-EGGER-1539";"GRIS SOMBRA";"62-EGGER-1539";"MELAMINA 15MM - GRIS SOMBRA - EGGER";"Equivalencia verificada"
"62-egger-1536-13";"62-EGGER-1536";"HICKORY NATURAL";"62-EGGER-1536";"MELAMINA 15MM - HICKORY NATURAL - EGGER";"Equivalencia verificada"
"62-egger-1510-14";"62-EGGER-1510";"LINO BLANCO";"62-EGGER-1510";"MELAMINA 15MM - LINO BLANCO - EGGER";"Equivalencia verificada"
"62-egger-1511-15";"62-EGGER-1511";"LINO TOPO";"62-EGGER-1511";"MELAMINA 15MM - LINO TOPO - EGGER";"Equivalencia verificada"
"62-egger-1540-16";"62-EGGER-1540";"NEGRO";"62-EGGER-1540";"MELAMINA 15MM - NEGRO - EGGER";"Equivalencia verificada"
"62-egger-1535-17";"62-EGGER-1535";"NOGAL DEL PACIFICO NATURAL";"62-EGGER-1535";"MELAMINA 15MM - NOGAL DEL PACIFICO NATURAL- EGGER";"Equivalencia verificada"
"62-egger-1521-18";"62-EGGER-1521";"NOGAL LINCOLN";"62-EGGER-1521";"MELAMINA 15MM - NOGAL LINCOLN - EGGER";"Equivalencia verificada"
"62-egger-1516-19";"62-EGGER-1516";"NOGAL WARMIA MARRON";"62-EGGER-1516";"MELAMINA 15MM - NOGAL WARMIA MARRON - EGGER";"Equivalencia verificada"
"62-egger-1502-20";"62-EGGER-1502";"PIETRA GRIGIA NEGRO";"62-EGGER-1502";"MELAMINA 15MM - PIETRA GRIGIA NEGRO- EGGER";"Equivalencia verificada"
"62-egger-1533-21";"62-EGGER-1533";"PINO ALAND BLANCO";"62-EGGER-1533";"MELAMINA 15MM - PINO ALAND BLANCO- EGGER";"Equivalencia verificada"
"62-egger-1534-22";"62-EGGER-1534";"PINO ALAND POLAR";"62-EGGER-1534";"MELAMINA 15MM - PINO ALAND POLAR- EGGER";"Equivalencia verificada"
"62-egger-1519-23";"62-EGGER-1519";"PINO CASCINA";"62-EGGER-1519";"MELAMINA 15MM - PINO CASCINA- EGGER";"Equivalencia verificada"
"62-egger-1514-24";"62-EGGER-1514";"ROBLE BARDOLINO NATURAL";"62-EGGER-1514";"MELAMINA 15MM - ROBLE BARDOLINO NATURAL - EGGER";"Equivalencia verificada"
"62-egger-1525-25";"62-EGGER-1525";"ROBLE DAVOS MARRON TRUFA";"62-EGGER-1525";"MELAMINA 15MM - ROBLE DAVOS MARRON TRUFA- EGGER";"Equivalencia verificada"
"62-egger-1524-26";"62-EGGER-1524";"ROBLE DAVOS NATURAL";"62-EGGER-1524";"MELAMINA 15MM - ROBLE DAVOS NATURAL- EGGER";"Equivalencia verificada"
"62-egger-1530-27";"62-EGGER-1530";"ROBLE DE NEBRASKA GRIS";"62-EGGER-1530";"MELAMINA 15MM - ROBLE DE NEBRASKA GRIS - EGGER";"Equivalencia verificada"
"62-egger-1529-28";"62-EGGER-1529";"ROBLE DE NEBRASKA NATURAL";"62-EGGER-1529";"MELAMINA 15MM - ROBLE DE NEBRASKA NATURAL - EGGER";"Equivalencia verificada"
"62-egger-1518-29";"62-EGGER-1518";"ROBLE DENVER MARRON TRUFA";"62-EGGER-1518";"MELAMINA 15MM - ROBLE DENVER MARRON TRUFA- EGGER";"Equivalencia verificada"
"62-egger-1531-30";"62-EGGER-1531";"ROBLE KAISERBERG";"62-EGGER-1531";"MELAMINA 15MM - ROBLE KAISERBERG - EGGER";"Equivalencia verificada"
"62-egger-1532-31";"62-EGGER-1532";"ROBLE KENDAL COÑAC";"62-EGGER-1532";"MELAMINA 15MM - ROBLE KENDAL COÑAC - EGGER";"Equivalencia verificada"
"62-egger-1528-32";"62-EGGER-1528";"ROBLE KENDAL ENCERADO";"62-EGGER-1528";"MELAMINA 15MM - ROBLE KENDAL ENCERADO - EGGER";"Equivalencia verificada"
"62-egger-1527-33";"62-EGGER-1527";"ROBLE KENDAL NATURAL";"62-EGGER-1527";"MELAMINA 15MM - ROBLE KENDAL NATURAL- EGGER";"Equivalencia verificada"
"62-egger-1526-34";"62-EGGER-1526";"ROBLE LORENZO ARENA";"62-EGGER-1526";"MELAMINA 15MM - ROBLE LORENZO ARENA- EGGER";"Equivalencia verificada"
"62-egger-1522-35";"62-EGGER-1522";"ROBLE NORWICH";"62-EGGER-1522";"MELAMINA 15MM - ROBLE NORWICH - EGGER";"Equivalencia verificada"
"62-egger-1515-36";"62-EGGER-1515";"ROBLE TERMO NEGRO";"62-EGGER-1515";"MELAMINA 15MM - ROBLE TERMO NEGRO - EGGER";"Equivalencia verificada"
"62-egger-1517-37";"62-EGGER-1517";"ROBLE WHITERIVER BEIGE ARENA";"62-EGGER-1517";"MELAMINA 15MM - ROBLE WHITERIVER BEIGE ARENA - EGGER";"Equivalencia verificada"
"62-egger-1509-38";"62-EGGER-1509";"TEXTIL BEIGE";"62-EGGER-1509";"MELAMINA 15MM - TEXTIL BEIGE - EGGER";"Equivalencia verificada"
"62-egger-1802-39";"62-EGGER-1802";"BLANCO LISA";"62-EGGER-1802";"MELAMINA 18MM - BLANCO LISA - EGGER";"Equivalencia verificada"
"62-egger-1801-40";"62-EGGER-1801";"BLANCO POROSA";"62-EGGER-1801";"MELAMINA 18MM - BLANCO POROSA - EGGER";"Equivalencia verificada"
"62-egger-1804-41";"62-EGGER-1804";"CASTAÑO KENTUCKY ARENA";"62-EGGER-1804";"MELAMINA 18MM - CASTAÑO KENTUCKY ARENA - EGGER";"Equivalencia verificada"
"62-egger-1846-42";"62-EGGER-1846";"CEREZO LOCARNO";"62-EGGER-1846";"MELAMINA 18MM - CEREZO LOCARNO - EGGER";"Equivalencia verificada"
"62-egger-1806-43";"62-EGGER-1806";"CHROMIX BLANCO";"62-EGGER-1806";"MELAMINA 18MM - CHROMIX BLANCO - EGGER";"Equivalencia verificada"
"62-egger-1839-44";"62-EGGER-1839";"CHROMIX PLATA";"62-EGGER-1839";"MELAMINA 18MM - CHROMIX PLATA - EGGER";"Equivalencia verificada"
"62-egger-1848-45";"62-EGGER-1848";"COCO BOLO";"62-EGGER-1848";"MELAMINA 18MM - COCO BOLO - EGGER";"Equivalencia verificada"
"62-egger-1803-46";"62-EGGER-1803";"GRIS ARCILLA";"62-EGGER-1803";"MELAMINA 18MM - GRIS ARCILLA - EGGER";"Equivalencia verificada"
"62-egger-1805-47";"62-EGGER-1805";"GRIS CACHEMIRA";"62-EGGER-1807";"MELAMINA 18MM - GRIS CACHEMIRA";"Equivalencia verificada"
"62-egger-1801-48";"62-EGGER-1801";"GRIS CUBANITA";"62-EGGER-1841";"MELAMINA 18MM - GRIS CUBANITA- EGGER";"Equivalencia verificada"
"62-egger-1854-49";"62-EGGER-1854";"GRIS MACADAN";"62-EGGER-1854";"MELAMINA 18MM - GRIS MACADAN - EGGER";"Equivalencia verificada"
"62-egger-1805-50";"62-EGGER-1805";"GRIS PERLA";"62-EGGER-1805";"MELAMINA 18MM - GRIS PERLA - EGGER";"Equivalencia verificada"
"62-egger-1808-51";"62-EGGER-1808";"GRIS SOMBRA";"62-EGGER-1808";"MELAMINA 18MM - GRIS SOMBRA - EGGER";"Equivalencia verificada"
"62-egger-1802-52";"62-EGGER-1802";"HICKORY NATURAL";"62-EGGER-1811";"MELAMINA 18MM - HICKORY NATURAL - EGGER";"Equivalencia verificada"
"62-egger-1866-53";"62-EGGER-1866";"HORMIGON CHICAGO GRIS OSCURO";"62-EGGER-1866";"MELAMINA 18MM - HORMIGON CHICAGO GRIS OSCURO - EGGER";"Equivalencia verificada"
"62-egger-1867-54";"62-EGGER-1867";"LINO BLANCO";"62-EGGER-1867";"MELAMINA 18MM - LINO BLANCO - EGGER";"Equivalencia verificada"
"62-egger-1842-55";"62-EGGER-1842";"LINO TOPO";"62-EGGER-1842";"MELAMINA 18MM - LINO TOPO - EGGER";"Equivalencia verificada"
"62-egger-1809-56";"62-EGGER-1809";"NEGRO";"62-EGGER-1809";"MELAMINA 18MM - NEGRO - EGGER";"Equivalencia verificada"
"62-egger-1801-57";"62-EGGER-1801";"NEGRO TEXTURADO";"62-EGGER-1812";"MELAMINA 18MM - NEGRO TEXTURADO - EGGER";"Equivalencia verificada"
"62-egger-1869-58";"62-EGGER-1869";"NOGAL DEL PACIFICO NATURAL";"62-EGGER-1869";"MELAMINA 18MM - NOGAL DEL PACIFICO NATURAL- EGGER";"Equivalencia verificada"
"62-egger-1854-59";"62-EGGER-1854";"NOGAL LINCOLN";"62-EGGER-1857";"MELAMINA 18MM - NOGAL LINCOLN - EGGER";"Equivalencia verificada"
"62-egger-1803-60";"62-EGGER-1803";"NOGAL WARMIA MARRON";"62-EGGER-1815";"MELAMINA 18MM - NOGAL WARMIA MARRON - EGGER";"Equivalencia verificada"
"62-egger-1803-61";"62-EGGER-1803";"PIETRA GRIGIA NEGRO";"62-EGGER-1818";"MELAMINA 18MM - PIETRA GRIGIA NEGRO - EGGER";"Equivalencia verificada"
"62-egger-1845-62";"62-EGGER-1845";"PINO ALAND BLANCO";"62-EGGER-1847";"MELAMINA 18MM - PINO ALAND BLANCO- EGGER";"Equivalencia verificada"
"62-egger-1853-63";"62-EGGER-1853";"PINO ALAND POLAR";"62-EGGER-1853";"MELAMINA 18MM - PINO ALAND POLAR - EGGER";"Equivalencia verificada"
"62-egger-1845-64";"62-EGGER-1845";"PINO CASCINA";"62-EGGER-1845";"MELAMINA 18MM - PINO CASCINA - EGGER";"Equivalencia verificada"
"62-egger-1843-65";"62-EGGER-1843";"ROBLE BARDOLINO NATURAL";"62-EGGER-1843";"MELAMINA 18MM - ROBLE BARDOLINO NATURAL - EGGER";"Equivalencia verificada"
"62-egger-1850-66";"62-EGGER-1850";"ROBLE DAVOS MARRON TRUFA";"62-EGGER-1850";"MELAMINA 18MM - ROBLE DAVOS MARRON TRUFA - EGGER";"Equivalencia verificada"
"62-egger-1849-67";"62-EGGER-1849";"ROBLE DAVOS NATURAL";"62-EGGER-1849";"MELAMINA 18MM - ROBLE DAVOS NATURAL - EGGER";"Equivalencia verificada"
"62-egger-1808-68";"62-EGGER-1808";"ROBLE DE NEBRASKA GRIS";"62-EGGER-1820";"MELAMINA 18MM - ROBLE DE NEBRASKA GRIS - EGGER";"Equivalencia verificada"
"62-egger-1819-69";"62-EGGER-1819";"ROBLE DE NEBRASKA NATURAL";"62-EGGER-1819";"MELAMINA 18MM - ROBLE DE NEBRASKA NATURAL - EGGER";"Equivalencia verificada"
"62-egger-1817-70";"62-EGGER-1817";"ROBLE DENVER MARRON TRUFA";"62-EGGER-1817";"MELAMINA 18MM - ROBLE DENVER MARRON TRUFA- EGGER";"Equivalencia verificada"
"62-egger-1858-71";"62-EGGER-1858";"ROBLE KAISERBERG";"62-EGGER-1858";"MELAMINA 18MM - ROBLE KAISERBERG - EGGER";"Equivalencia verificada"
"62-egger-1805-72";"62-EGGER-1805";"ROBLE KENDAL COÑAC";"62-EGGER-1822";"MELAMINA 18MM - ROBLE KENDAL COÑAC - EGGER";"Equivalencia verificada"
"62-egger-1841-73";"62-EGGER-1841";"ROBLE KENDAL ENCERADO";"62-EGGER-1852";"MELAMINA 18MM - ROBLE KENDAL ENCERADO - EGGER";"Equivalencia verificada"
"62-egger-1852-74";"62-EGGER-1852";"ROBLE KENDAL NATURAL";"62-EGGER-1859";"MELAMINA 18MM - ROBLE KENDAL NATURAL- EGGER";"Equivalencia verificada"
"62-egger-1851-75";"62-EGGER-1851";"ROBLE LORENZO ARENA";"62-EGGER-1851";"MELAMINA 18MM - ROBLE LORENZO ARENA - EGGER";"Equivalencia verificada"
"62-egger-1847-76";"62-EGGER-1847";"ROBLE NORWICH";"62-EGGER-1824";"MELAMINA 18MM - ROBLE NORWICH - EGGER";"Equivalencia verificada"
"62-egger-1810-77";"62-EGGER-1810";"ROBLE TERMO NEGRO";"62-EGGER-1810";"MELAMINA 18MM - ROBLE TERMO NEGRO - EGGER";"Equivalencia verificada"
"62-egger-1844-78";"62-EGGER-1844";"ROBLE WHITERIVER BEIGE ARENA";"62-EGGER-1844";"MELAMINA 18MM - ROBLE WHITERIVER BEIGE ARENA - EGGER";"Equivalencia verificada"
"62-egger-1855-79";"62-EGGER-1855";"ROBLE WHITERIVER GRIS MARRÓN";"62-EGGER-1855";"MELAMINA 18MM - ROBLE WHITERIVER GRIS MARRÓN - EGGER";"Equivalencia verificada"
"62-egger-1821-80";"62-EGGER-1821";"TEXTIL BEIGE";"62-EGGER-1821";"MELAMINA 18MM - TEXTIL BEIGE - EGGER";"Equivalencia verificada"
"62-egger-1856-81";"62-EGGER-1856";"TEXTIL GRIS";"62-EGGER-1856";"MELAMINA 18MM - TEXTIL GRIS  - EGGER";"Equivalencia verificada"
"22-chn-1002-82";"22-CHN-1002";"BROWN - 2C";"22-CHN-1002";"PLACA MDF - BROWN - CHINO ACRILICO - 2 CARAS";"Equivalencia verificada"
"22-chn-1001-83";"22-CHN-1001";"GREY - 2C";"22-CHN-1001";"PLACA MDF - GREY - CHINO ACRILICO - 2 CARAS";"Equivalencia verificada"
"22-chn-1003-84";"22-CHN-1003";"WHITE - 2C";"22-CHN-1003";"PLACA MDF - WHITE - CHINO ACRILICO - 2 CARAS";"Equivalencia verificada"
"70-petli-btm2-85";"70-PETLI-BTM2";"BLACK TRUMATTE - 2C";"70-PETLI-BTM2";"PETLITE - BLACK TRUMATTE - 2 CARAS";"Equivalencia verificada"
"73-petli-btm2-86";"73-PETLI-BTM2";"BLACK TRUMATTE - 2C";"70-PETLI-BTM2";"PETLITE - BLACK TRUMATTE - 2 CARAS";"Equivalencia verificada"
"70-petli-bwg1-87";"70-PETLI-BWG1";"BRIGHT WHITE GLOSS - 1C";"70-PETLI-BWG1";"PETLITE - BRIGHT WHITE GLOSS - 1 CARA";"Equivalencia verificada"
"70-petli-bwg2-88";"70-PETLI-BWG2";"BRIGHT WHITE GLOSS - 2C";"70-PETLI-BWG2";"PETLITE - BRIGHT WHITE GLOSS - 2 CARAS";"Equivalencia verificada"
"73-petli-bwg2-89";"73-PETLI-BWG2";"BRIGHT WHITE GLOSS - 2C";"";"";"Selección manual al recalcular"
"70-petli-bwtm1-90";"70-PETLI-BWTM1";"BRIGHT WHITE TRUMATTE - 1C";"70-PETLI-BWTM1";"PETLITE - BRIGHT WHITE TRUMATTE - 1 CARA";"Equivalencia verificada"
"70-petli-bwtm2-91";"70-PETLI-BWTM2";"BRIGHT WHITE TRUMATTE - 2C";"70-PETLI-BWTM2";"PETLITE - BRIGHT WHITE TRUMATTE - 2 CARAS";"Equivalencia verificada"
"70-petli-dgtm2-92";"70-PETLI-DGTM2";"DARK GRAY TRUMATTE - 2C";"70-PETLI-DGTM2";"PETLITE - DARK GRAY TRUMATTE - 2 CARAS";"Equivalencia verificada"
"73-petli-dgtm2-93";"73-PETLI-DGTM2";"DARK GRAY TRUMATTE - 2C";"70-PETLI-DGTM2";"PETLITE - DARK GRAY TRUMATTE - 2 CARAS";"Equivalencia verificada"
"70-petli-lgtm2-94";"70-PETLI-LGTM2";"LIGHT GRAY TRUMATTE - 2C";"70-PETLI-LGTM2";"PETLITE - LIGHT GRAY TRUMATTE - 2 CARAS";"Equivalencia verificada"
"73-petli-lgtm2-95";"73-PETLI-LGTM2";"LIGHT GRAY TRUMATTE - 2C";"70-PETLI-LGTM2";"PETLITE - LIGHT GRAY TRUMATTE - 2 CARAS";"Equivalencia verificada"
"70-stylex-boa2-96";"70-STYLEX-BOA2";"BLONDE OAK";"";"";"Selección manual al recalcular"
"70-stylex-nst2-97";"70-STYLEX-NST2";"NEW STONE";"";"";"Selección manual al recalcular"
"73-stylex-ucr2-98";"73-STYLEX-UCR2";"URBAN CRETE";"";"";"Selección manual al recalcular"
"73-style-abub-99";"73-STYLE-ABUB";"ALABASTER TRUGLOSS";"73-STYLE-ABUB";"STYLELITE - ALABASTER TRUGLOSS - 2 CARAS";"Equivalencia verificada"
"73-style-abtm-100";"73-STYLE-ABTM";"ALABASTER TRUMATTE";"73-STYLE-ABTM";"STYLELITE - ALABASTER TRUMATTE - 2 CARAS";"Equivalencia verificada"
"70-style-artg-101";"70-STYLE-ARTG";"ARTIC TRUGLOSS";"70-STYLE-ARTG";"STYLELITE - ARTIC TRUGLOSS - 2 CARAS";"Equivalencia verificada"
"73-style-astm-102";"73-STYLE-ASTM";"ASH TRUMATTE";"73-STYLE-ASTM";"STYLELITE - ASH TRUMATTE - 2 CARAS";"Equivalencia verificada"
"70-style-brtm-103";"70-STYLE-BRTM";"BRAUN TRUMATTE";"70-STYLE-BRTM";"STYLELITE - BRAUN TRUMATTE - 2 CARAS";"Equivalencia verificada"
"73-style-brtm-104";"73-STYLE-BRTM";"BRAUN TRUMATTE";"73-STYLE-BRTM";"STYLELITE - BRAUN TRUMATTE - 2 CARAS";"Equivalencia verificada"
"73-style-cbtm-105";"73-STYLE-CBTM";"CARBON TRUMATTE";"73-STYLE-CRTM";"STYLELITE - CARBON TRUMATTE - 2 CARAS";"Equivalencia verificada"
"70-style-0004-106";"70-STYLE-0004";"CHAMPAGNE MDF";"73-STYLE-CHUB";"STYLELITE - CHAMPAGNE TRUGLOSS - 2 CARAS";"Equivalencia verificada"
"73-style-chub-107";"73-STYLE-CHUB";"CHAMPAGNE TRUGLOSS";"73-STYLE-CHUB";"STYLELITE - CHAMPAGNE TRUGLOSS - 2 CARAS";"Equivalencia verificada"
"73-style-chtm-108";"73-STYLE-CHTM";"CHARCOAL TRUMATTE";"73-STYLE-CHTM";"STYLELITE - CHARCOAL TRUMATTE - 2 CARAS";"Equivalencia verificada"
"72-style-cbtm-109";"72-STYLE-CBTM";"CINNABAR TRUMATTE";"72-STYLE-CBTM";"STYLELITE - CINNABAR TRUMATTE - 2 CARAS";"Equivalencia verificada"
"72-style-cttm-110";"72-STYLE-CTTM";"COTTONSEED TRUMATTE";"72-STYLE-CTTM";"STYLELITE - COTTONSEED TRUMATTE - 2 CARAS";"Equivalencia verificada"
"73-style-dotm-111";"73-STYLE-DOTM";"DOVE TRUMATTE";"73-STYLE-DOTM";"STYLELITE - DOVE TRUMATTE - 2 CARAS";"Equivalencia verificada"
"70-style-gftm-112";"70-STYLE-GFTM";"GRAPHITE TRUMATTE";"70-STYLE-GFTM";"STYLELITE - GRAPHITE TRUMATTE - 2 CARAS";"Equivalencia verificada"
"73-style-gftm-113";"73-STYLE-GFTM";"GRAPHITE TRUMATTE";"73-STYLE-GFTM";"STYLELITE - GRAPHITE TRUMATTE - 2 CARAS";"Equivalencia verificada"
"70-style-jutm-114";"70-STYLE-JUTM";"JURA TRUMATTE";"70-STYLE-JUTM";"STYLELITE - JURA TRUMATTE  - 2 CARAS";"Equivalencia verificada"
"73-style-jutm-115";"73-STYLE-JUTM";"JURA TRUMATTE";"73-STYLE-JUTM";"STYLELITE - JURA TRUMATTE  - 2 CARAS";"Equivalencia verificada"
"72-style-matm-116";"72-STYLE-MATM";"MARIANA TRUMATTE";"72-STYLE-MATM";"STYLELITE - MARIANA TRUMATTE - 2 CARAS";"Equivalencia verificada"
"73-style-motm-117";"73-STYLE-MOTM";"MONTAIN TRUMATTE";"73-STYLE-MOTM";"STYLELITE - MONTAIN TRUMATTE - 2 CARAS";"Equivalencia verificada"
"73-style-octm-118";"73-STYLE-OCTM";"OCEANIC  TRUMATTE";"73-STYLE-OCTM";"STYLELITE - OCEANIC  TRUMATTE  - 2 CARAS";"Equivalencia verificada"
"70-style-octm-119";"70-STYLE-OCTM";"OCEANIC TRUMATTE";"70-STYLE-OCTM";"STYLELITE - OCEANIC TRUMATTE  - 2 CARAS";"Equivalencia verificada"
"70-style-rftm-120";"70-STYLE-RFTM";"RAINFOREST TRUMATTE";"70-STYLE-RFTM";"STYLELITE - RAINFOREST TRUMATTE - 2 CARAS";"Equivalencia verificada"
"73-style-rftm-121";"73-STYLE-RFTM";"RAINFOREST TRUMATTE";"73-STYLE-RFTM";"STYLELITE - RAINFOREST TRUMATTE - 2 CARAS";"Equivalencia verificada"
"72-style-shtm-122";"72-STYLE-SHTM";"SHADE TRUMATTE";"72-STYLE-SHTM";"STYLELITE - SHADE TRUMATTE - 2 CARAS";"Equivalencia verificada"
"73-style-shtm-123";"73-STYLE-SHTM";"SHELL TRUMATTE";"73-STYLE-SHTM";"STYLELITE - SHELL TRUMATTE - 2 CARAS";"Equivalencia verificada"
"73-style-slub-124";"73-STYLE-SLUB";"SLATE TRUGLOSS";"73-STYLE-SLUB";"STYLELITE - SLATE TRUGLOSS - 2 CARAS";"Equivalencia verificada"
"70-style-sltm-125";"70-STYLE-SLTM";"SLATE TRUMATTE";"70-STYLE-SLTM";"STYLELITE - SLATE TRUMATTE - 2 CARAS";"Equivalencia verificada"
"73-style-sltm-126";"73-STYLE-SLTM";"SLATE TRUMATTE";"73-STYLE-SLTM";"STYLELITE - SLATE TRUMATTE - 2 CARAS";"Equivalencia verificada"
"72-style-wwub-127";"72-STYLE-WWUB";"WHISPER WHITE TRUGLOSS";"72-STYLE-WWUB";"STYLELITE - WHISPER WHITE TRUGLOSS - 2 CARAS";"Equivalencia verificada"
"70-tru-cotm-128";"70-TRU-COTM";"CINDER OAK TRUMATTE";"70-TRU-COTM";"TRUNATUR - CINDER OAK TRUMATTE - 2 CARAS";"Equivalencia verificada"
"73-tru-cotm-129";"73-TRU-COTM";"CINDER OAK TRUMATTE";"73-TRU-COTM";"TRUNATUR - CINDER OAK TRUMATTE - 2 CARAS";"Equivalencia verificada"
"70-tru-cttm-130";"70-TRU-CTTM";"CINNAMON TEAK TRUMATTE";"70-TRU-CTTM";"TRUNATUR - CINNAMON TEAK TRUMATTE - 2 CARAS";"Equivalencia verificada"
"73-tru-catm-131";"73-TRU-CATM";"COASTAL ASH TRUMATTE";"73-TRU-CATM";"TRUNATUR - COASTAL ASH TRUMATTE - 2 CARAS";"Equivalencia verificada"
"70-tru-cbtm-132";"70-TRU-CBTM";"COASTAL BLACKBUTT TRUMATTE";"70-TRU-CBTM";"TRUNATUR - COASTAL BLACKBUTT TRUMATTE - 2 CARAS";"Equivalencia verificada"
"73-tru-fatm-133";"73-TRU-FATM";"FRESNO ALBAYALDE TRUMATTE";"73-TRU-FATM";"TRUNATUR - FRESNO ALBAYALDE TRUMATTE - 2 CARAS";"Equivalencia verificada"
"73-tru-fstm-134";"73-TRU-FSTM";"FRESNO TRUMATTE";"73-TRU-FSTM";"TRUNATUR - FRESNO TRUMATTE - 2 CARAS";"Equivalencia verificada"
"70-tru-notm-135";"70-TRU-NOTM";"NATURAL OAK";"70-TRU-NOTM";"TRUNATUR - NATURAL OAK TRUMATTE - 2 CARAS";"Equivalencia verificada"
"70-tru-notm-136";"70-TRU-NOTM";"NATURAL OAK TRUMATTE";"70-TRU-NOTM";"TRUNATUR - NATURAL OAK TRUMATTE - 2 CARAS";"Equivalencia verificada"
"73-tru-notm-137";"73-TRU-NOTM";"NATURAL OAK TRUMATTE";"73-TRU-NOTM";"TRUNATUR - NATURAL OAK TRUMATTE - 2 CARAS";"Equivalencia verificada"
"73-tru-ratm-138";"73-TRU-RATM";"ROBLE AÑEJADO TRUMATTE";"73-TRU-RATM";"TRUNATUR - ROBLE AÑEJADO TRUMATTE - 2 CARAS";"Equivalencia verificada"
"73-tru-rctm-139";"73-TRU-RCTM";"ROBLE CENIZA TRUMATTE";"73-TRU-RCTM";"TRUNATUR - ROBLE CENIZA TRUMATTE - 2 CARAS";"Equivalencia verificada"
"73-tru-rotm-140";"73-TRU-ROTM";"ROBLE TRUMATTE";"73-TRU-ROTM";"TRUNATUR - ROBLE TRUMATTE - 2 CARAS";"Equivalencia verificada"
"70-tru-sgtm-141";"70-TRU-SGTM";"SPOTTED GUM TRUMATTE";"70-TRU-SGTM";"TRUNATUR - SPOTTED GUM TRUMATTE - 2 CARAS";"Equivalencia verificada"
"70-tru-twtm-142";"70-TRU-TWTM";"TROPIC WALNUT TRUMATTE";"70-TRU-TWTM";"TRUNATUR - TROPIC WALNUT TRUMATTE - 2 CARAS";"Equivalencia verificada"
"73-tru-twtm-143";"73-TRU-TWTM";"TROPIC WALNUT TRUMATTE";"73-TRU-TWTM";"TRUNATUR - TROPIC WALNUT TRUMATTE - 2 CARAS";"Equivalencia verificada"
"73-tru-wotm-144";"73-TRU-WOTM";"WHEATHERED OAK TRUMATTE";"73-TRU-WOTM";"TRUNATUR - WHEATHERED OAK TRUMATTE - 2 CARAS";"Equivalencia verificada"
"73-tru-watm-145";"73-TRU-WATM";"WINTER ASH TRUMATTE";"73-TRU-WATM";"TRUNATUR - WINTER ASH TRUMATTE - 2 CARAS";"Equivalencia verificada"
"36-masisa-1501-146";"36-MASISA-1501";"BLANCO LISA";"62-EGGER-1503";"MELAMINA 15MM - BLANCO LISA - EGGER";"Equivalencia verificada"
"36-masisa-1801-147";"36-MASISA-1801";"BLANCO LISA";"62-EGGER-1802";"MELAMINA 18MM - BLANCO LISA - EGGER";"Equivalencia verificada"
"22-chn-1009-1";"22-CHN-1009";"MDF BROWN 2MM";"22-CHN-1009";"TAPACANTO - MDF BROWN 2MM";"Equivalencia verificada"
"22-chn-1007-2";"22-CHN-1007";"MDF GREY 2MM";"22-CHN-1007";"TAPACANTO - MDF GREY 2MM";"Equivalencia verificada"
"22-chn-1001-3";"22-CHN-1001";"MDF GREY 2MM (50m)";"";"";"Selección manual al recalcular"
"22-chn-1008-4";"22-CHN-1008";"MDF WHITE 2MM";"22-CHN-1008";"TAPACANTO - MDF WHITE 2MM";"Equivalencia verificada"
"22-chn-1002-5";"22-CHN-1002";"MDF WHITE 2MM (50m)";"";"";"Selección manual al recalcular"
"73-tap-astm-6";"73-TAP-ASTM";"ASH TRUMATTE MT";"73-TAP-ASTM";"TAPACANTO - EGR - STYLELITE - ASH TRUMATTE MT";"Equivalencia verificada"
"73-tap-chtm-7";"73-TAP-CHTM";"CHARCOAL TRUMATTE MT";"73-TAP-CHTM";"TAPACANTO - EGR - STYLELITE - CHARCOAL TRUMATTE MT";"Equivalencia verificada"
"73-tap-abub-8";"73-TAP-ABUB";"ALABASTER TRUMATTE MT";"73-TAP-ABUB";"TAPACANTO - EGR - ALABASTER TRUMATTE MT";"Equivalencia verificada"
"70-egr-0023-9";"70-EGR-0023";"ARTIC TRUGLOSS";"70-EGR-0023";"TAPACANTO - EGR - ARTIC TRUGLOSS";"Equivalencia verificada"
"70-egr-0019-10";"70-EGR-0019";"ARTIC TRUMATTE";"70-EGR-0019";"TAPACANTO - EGR - ARTIC TRUMATTE";"Equivalencia verificada"
"70-egr-0010-11";"70-EGR-0010";"BRAUN  TRUMATTE";"70-EGR-0010";"TAPACANTO - EGR - BRAUN  TRUMATTE  - METRO";"Equivalencia verificada"
"70-egr-0018-12";"70-EGR-0018";"BRIGHT WHITE GLOSS";"70-EGR-0018";"TAPACANTO - EGR - BRIGHT WHITE GLOSS";"Equivalencia verificada"
"70-egr-0022-13";"70-EGR-0022";"CARBON TRUMATTE";"70-EGR-0022";"TAPACANTO - EGR - CARBON TRUMATTE";"Equivalencia verificada"
"73-tap-0004-14";"73-TAP-0004";"CHAMPAGNE BRILLO";"73-TAP-0004";"TAPACANTO - EGR - CHAMPAGNE BRILLO";"Equivalencia verificada"
"70-egr-0012-15";"70-EGR-0012";"CHAMPAGNE TRUGLOSS";"70-EGR-0012";"TAPACANTO - EGR - CHAMPAGNE TRUGLOSS  - METRO";"Equivalencia verificada"
"70-egr-0026-16";"70-EGR-0026";"CINDER OAK";"70-EGR-0026";"TAPACANTO - EGR - CINDER OAK";"Equivalencia verificada"
"72-tap-cbtm-17";"72-TAP-CBTM";"CINNABAR TRUMATTE MT";"72-TAP-CBTM";"TAPACANTO - EGR - CINNABAR TRUMATTE MT";"Equivalencia verificada"
"70-egr-0030-18";"70-EGR-0030";"CINNAMON TEAK";"70-EGR-0030";"TAPACANTO - EGR - CINNAMON TEAK";"Equivalencia verificada"
"70-egr-0028-19";"70-EGR-0028";"CLASSIC WALNUT";"70-EGR-0028";"TAPACANTO - EGR - CLASSIC WALNUT";"Equivalencia verificada"
"70-egr-0029-20";"70-EGR-0029";"COASTAL BLACKBUTT";"70-EGR-0029";"TAPACANTO - EGR - COASTAL BLACKBUTT";"Equivalencia verificada"
"73-tap-dove-21";"73-TAP-DOVE";"DOVE TRUMATTE MT";"73-TAP-DOVE";"TAPACANTO - EGR - DOVE TRUMATTE MT";"Equivalencia verificada"
"70-egr-0013-22";"70-EGR-0013";"GRAPHITE  TRUMATTE";"70-EGR-0013";"TAPACANTO - EGR - GRAPHITE  TRUMATTE - METRO";"Equivalencia verificada"
"70-egr-0025-23";"70-EGR-0025";"GRAPHITE TRUGLOSS";"70-EGR-0025";"TAPACANTO - EGR - GRAPHITE TRUGLOSS";"Equivalencia verificada"
"73-tap-0002-24";"73-TAP-0002";"JURA TRUMATTE";"73-TAP-0002";"TAPACANTO - EGR - JURA TRUMATTE";"Equivalencia verificada"
"70-egr-0021-25";"70-EGR-0021";"LIGHT GRAY SUPER MATTE";"70-EGR-0021";"TAPACANTO - EGR - LIGHT GRAY SUPER MATTE";"Equivalencia verificada"
"70-egr-0030-26";"70-EGR-0030";"MOUNTAIN SUPER MATTE";"70-EGR-0032";"TAPACANTO - EGR - MOUNTAIN SUPER MATTE";"Equivalencia verificada"
"70-egr-0030-27";"70-EGR-0030";"MOUNTAIN SUPER MATTE";"70-EGR-0032";"TAPACANTO - EGR - MOUNTAIN SUPER MATTE";"Equivalencia verificada"
"73-tap-moun1-28";"73-TAP-MOUN1";"MOUNTAIN TRUMATTE MT";"73-TAP-MOUN1";"TAPACANTO - EGR - MOUNTAIN TRUMATTE MT";"Equivalencia verificada"
"70-egr-0014-29";"70-EGR-0014";"NATURAL OAK EMBOSSED";"70-EGR-0014";"TAPACANTO - EGR - NATURAL OAK EMBOSSED - METRO";"Equivalencia verificada"
"70-egr-0011-30";"70-EGR-0011";"OCEANIC  TRUMATTE";"70-EGR-0011";"TAPACANTO - EGR - OCEANIC  TRUMATTE  - METRO";"Equivalencia verificada"
"70-egr-0024-31";"70-EGR-0024";"RAINFOREST TRUMATTE";"70-EGR-0024";"TAPACANTO - EGR - RAINFOREST TRUMATTE - METRO";"Equivalencia verificada"
"70-egr-0020-32";"70-EGR-0020";"SLATE TRUMATTE";"70-EGR-0020";"TAPACANTO - EGR - SLATE TRUMATTE";"Equivalencia verificada"
"70-egr-0020-33";"70-EGR-0020";"SLATE TRUMATTE";"70-EGR-0020";"TAPACANTO - EGR - SLATE TRUMATTE";"Equivalencia verificada"
"70-egr-0027-34";"70-EGR-0027";"SPOTTED GUM X METRO";"70-EGR-0027";"TAPACANTO - EGR - SPOTTED GUM X METRO";"Equivalencia verificada"
"70-egr-0016-35";"70-EGR-0016";"BLONDE OAK";"";"";"Selección manual al recalcular"
"70-egr-0015-36";"70-EGR-0015";"NEW STONE";"";"";"Selección manual al recalcular"
"66-r-0005-37";"66-R-0005";"MELAMINA ROBLE KENDAL COÑAC";"";"";"Selección manual al recalcular"
"67-d-0015-38";"67-D-0015";"MELAMINA  BLANCO LISA";"";"";"Selección manual al recalcular"
"67-d-0021-39";"67-D-0021";"MELAMINA CASTAÑO KENTUCKY ARENA";"";"";"Selección manual al recalcular"
"68-m-0005-40";"68-M-0005";"MELAMINA CEREZO LOCARNO";"";"";"Selección manual al recalcular"
"67-d-0029-41";"67-D-0029";"MELAMINA CHROMIX PLATA";"";"";"Selección manual al recalcular"
"68-m-0008-42";"68-M-0008";"MELAMINA CHROMIX PLATA";"";"";"Selección manual al recalcular"
"67-d-0035-43";"67-D-0035";"MELAMINA GRIS CUBANITA";"";"";"Selección manual al recalcular"
"67-d-0013-44";"67-D-0013";"MELAMINA GRIS MACADAN";"";"";"Selección manual al recalcular"
"67-d-0066-45";"67-D-0066";"MELAMINA GRIS MACADAN";"";"";"Selección manual al recalcular"
"67-d-0007-46";"67-D-0007";"MELAMINA GRIS SOMBRA";"";"";"Selección manual al recalcular"
"68-m-0009-47";"68-M-0009";"MELAMINA GRIS SOMBRA";"";"";"Selección manual al recalcular"
"68-m-0013-48";"68-M-0013";"MELAMINA HICKORY";"";"";"Selección manual al recalcular"
"67-d-0011-49";"67-D-0011";"MELAMINA HICKORY NATURAL";"";"";"Selección manual al recalcular"
"68-m-0011-50";"68-M-0011";"MELAMINA HICKORY NATURAL";"";"";"Selección manual al recalcular"
"67-d-0049-51";"67-D-0049";"MELAMINA LINO BLANCO";"";"";"Selección manual al recalcular"
"68-m-0019-52";"68-M-0019";"MELAMINA MAGMA";"";"";"Selección manual al recalcular"
"67-d-0056-53";"67-D-0056";"MELAMINA NEGRO";"";"";"Selección manual al recalcular"
"68-m-0021-54";"68-M-0021";"MELAMINA NEGRO";"";"";"Selección manual al recalcular"
"66-r-0009-55";"66-R-0009";"MELAMINA NEGRO TEXTURADO";"";"";"Selección manual al recalcular"
"67-d-0001-56";"67-D-0001";"MELAMINA NOGAL DEL PACIFICO NATURAL- 0.4MM X 22MM";"67-D-0001";"TAPACANTO - MELAMINA NOGAL DEL PACIFICO NATURAL- 0.4MM X 22MM";"Equivalencia verificada"
"67-d-0025-57";"67-D-0025";"MELAMINA NOGAL LINCOLN";"";"";"Selección manual al recalcular"
"67-d-0019-58";"67-D-0019";"MELAMINA PINO ALAND BLANCO";"";"";"Selección manual al recalcular"
"68-m-0015-59";"68-M-0015";"MELAMINA PINO ALAND BLANCO";"";"";"Selección manual al recalcular"
"67-d-0058-60";"67-D-0058";"MELAMINA PINO ALAND POLAR";"";"";"Selección manual al recalcular"
"67-d-0054-61";"67-D-0054";"MELAMINA ROBLE DAVOS NATURAL";"";"";"Selección manual al recalcular"
"67-d-0037-62";"67-D-0037";"MELAMINA ROBLE KAISERBERG";"";"";"Selección manual al recalcular"
"66-r-0001-63";"66-R-0001";"MELAMINA ROBLE KAISERBERG";"";"";"Selección manual al recalcular"
"67-d-0052-64";"67-D-0052";"MELAMINA ROBLE KENDAL ENCERADO";"";"";"Selección manual al recalcular"
"67-d-0063-65";"67-D-0063";"MELAMINA ROBLE KENDAL NATURAL";"";"";"Selección manual al recalcular"
"68-m-0016-66";"68-M-0016";"MELAMINA ROBLE NEBRASKA GRIS";"";"";"Selección manual al recalcular"
"67-d-0023-67";"67-D-0023";"MELAMINA TEXTIL BEIGE";"";"";"Selección manual al recalcular"
"66-r-0002-68";"66-R-0002";"MELAMINA TEXTIL BEIGE";"";"";"Selección manual al recalcular"
"68-m-0001-69";"68-M-0001";"MELAMINA TEXTIL BEIGE";"";"";"Selección manual al recalcular"
"68-m-0018-70";"68-M-0018";"ROBLE DAVOS NATURAL";"";"";"Selección manual al recalcular"
"67-d-0028-71";"67-D-0028";"MELAMINA ROBLE NEBRASKA GRIS";"";"";"Selección manual al recalcular"
"68-m-0014-72";"68-M-0014";"MELAMINA ROBLE NEBRASKA GRIS";"";"";"Selección manual al recalcular"
"67-d-0030-73";"67-D-0030";"MELAMINA ROBLE DENVER MARRON TRUFA";"";"";"Selección manual al recalcular"
"66-r-0011-74";"66-R-0011";"MELAMINA ROBLE DENVER MARRON TRUFA";"";"";"Selección manual al recalcular"
"66-r-0013-75";"66-R-0013";"MELAMINA CHROMIX BLANCO";"";"";"Selección manual al recalcular"
"68-m-0020-76";"68-M-0020";"MELAMINA GRIS PERLA";"";"";"Selección manual al recalcular"
"67-d-0043-77";"67-D-0043";"MELAMINA COCO BOLO";"";"";"Selección manual al recalcular"
"67-d-0005-78";"67-D-0005";"MELAMINA GRIS PERLA";"";"";"Selección manual al recalcular"
"67-d-0009-79";"67-D-0009";"MELAMINA NOGAL WARMIA MARRON";"";"";"Selección manual al recalcular"
"67-d-0003-80";"67-D-0003";"MELAMINA ROBLE DE NEBRASKA NATURAL";"";"";"Selección manual al recalcular"
"68-m-0010-81";"68-M-0010";"MELAMINA ROBLE DE NEBRASKA NATURAL";"";"";"Selección manual al recalcular"
"68-m-0004-82";"68-M-0004";"MELAMINA GRIS ARCILLA";"";"";"Selección manual al recalcular"
"67-d-0017-83";"67-D-0017";"MELAMINA ROBLE TERMO NEGRO";"";"";"Selección manual al recalcular"
"67-d-0057-84";"67-D-0057";"MELAMINA NEGRO";"";"";"Selección manual al recalcular"
"67-d-0016-85";"67-D-0016";"MELAMINA BLANCO LISA";"";"";"Selección manual al recalcular"
"67-d-0022-86";"67-D-0022";"MELAMINA CASTAÑO KENTUCKY ARENA";"";"";"Selección manual al recalcular"
"68-m-0006-87";"68-M-0006";"MELAMINA CEREZO LOCARNO";"";"";"Selección manual al recalcular"
"67-d-0059-88";"67-D-0059";"MELAMINA CHROMIX BLANCO";"";"";"Selección manual al recalcular"
"67-d-0026-89";"67-D-0026";"MELAMINA CHROMIX PLATA";"";"";"Selección manual al recalcular"
"68-m-0007-90";"68-M-0007";"MELAMINA CHROMIX PLATA";"";"";"Selección manual al recalcular"
"68-m-0003-91";"68-M-0003";"MELAMINA GRIS ARCILLA";"";"";"Selección manual al recalcular"
"67-d-0060-92";"67-D-0060";"MELAMINA GRIS CACHEMIRA";"";"";"Selección manual al recalcular"
"67-d-0014-93";"67-D-0014";"MELAMINA GRIS CUBANITA";"";"";"Selección manual al recalcular"
"67-d-0036-94";"67-D-0036";"MELAMINA GRIS MACADAN";"";"";"Selección manual al recalcular"
"67-d-0065-95";"67-D-0065";"MELAMINA GRIS MACADAN";"";"";"Selección manual al recalcular"
"67-d-0008-96";"67-D-0008";"MELAMINA GRIS SOMBRA";"";"";"Selección manual al recalcular"
"67-d-0051-97";"67-D-0051";"MELAMINA LINO BLANCO";"";"";"Selección manual al recalcular"
"67-d-0039-98";"67-D-0039";"MELAMINA NOGAL LINCOLN";"";"";"Selección manual al recalcular"
"67-d-0055-99";"67-D-0055";"MELAMINA ROBLE DAVOS NATURAL";"";"";"Selección manual al recalcular"
"67-d-0038-100";"67-D-0038";"MELAMINA ROBLE KAISERBERG";"";"";"Selección manual al recalcular"
"67-d-0050-101";"67-D-0050";"MELAMINA ROBLE KENDAL ENCERADO";"";"";"Selección manual al recalcular"
"67-d-0053-102";"67-D-0053";"MELAMINA ROBLE KENDAL NATURAL";"";"";"Selección manual al recalcular"
"67-d-0018-103";"67-D-0018";"MELAMINA ROBLE TERMO NEGRO";"";"";"Selección manual al recalcular"
"68-m-0002-104";"68-M-0002";"MELAMINA TEXTIL BEIGE";"";"";"Selección manual al recalcular"
"66-r-0004-105";"66-R-0004";"MELAMINA TEXTIL BEIGE";"";"";"Selección manual al recalcular"
"67-d-0024-106";"67-D-0024";"MELAMINA TEXTIL BEIGE";"";"";"Selección manual al recalcular"
"66-r-0006-107";"66-R-0006";"MELAMINA CHROMIX BLANCO";"";"";"Selección manual al recalcular"
"66-r-0003-108";"66-R-0003";"MELAMINA CHROMIX PLATA";"";"";"Selección manual al recalcular"
"66-r-0008-109";"66-R-0008";"MELAMINA ROBLE KENDAL COÑAC";"";"";"Selección manual al recalcular"
"67-d-0031-110";"67-D-0031";"MELAMINA ROBLE DENVER MARRON TRUFA";"";"";"Selección manual al recalcular"
"66-r-0012-111";"66-R-0012";"MELAMINA ROBLE DENVER MARRON TRUFA";"";"";"Selección manual al recalcular"
"67-d-0044-112";"67-D-0044";"MELAMINA COCO BOLO";"";"";"Selección manual al recalcular"
"67-d-0006-113";"67-D-0006";"MELAMINA GRIS PERLA";"";"";"Selección manual al recalcular"
"67-d-0012-114";"67-D-0012";"MELAMINA HICKORY NATURAL";"";"";"Selección manual al recalcular"
"67-d-0002-115";"67-D-0002";"MELAMINA NOGAL DEL PACIFICO NATURAL";"";"";"Selección manual al recalcular"
"67-d-0010-116";"67-D-0010";"MELAMINA NOGAL WARMIA MARRON";"";"";"Selección manual al recalcular"
"67-d-0004-117";"67-D-0004";"MELAMINA ROBLE DE NEBRASKA NATURAL";"";"";"Selección manual al recalcular"
"66-r-0010-118";"66-R-0010";"MELAMINA NEGRO TEXTURADO";"";"";"Selección manual al recalcular"
"66-r-0007-119";"66-R-0007";"MELAMINA NOGAL WARMIA MARRON";"";"";"Selección manual al recalcular"
"67-d-0020-120";"67-D-0020";"MELAMINA PINO ALAND BLANCO";"";"";"Selección manual al recalcular"
"68-m-0012-121";"68-M-0012";"MELAMINA ROBLE DE NEBRASKA NATURAL";"";"";"Selección manual al recalcular"