"SKU";"Producto";"Familia";"Subcategoria";"Pendiente"
"15-2025-0004";"PALMETA NEOLITH GALAXY GREY SILK 06MM 1,2X1,2";"PLACAS";"Neolith Palmetas";"Configurar peso por unidad de venta para calcular despacho"
"15-2025-0003";"PALMETA NEOLITH IRON CORTEN LQ MC3 SATIN 06MM 1,5X1,5";"PLACAS";"Neolith Palmetas";"Configurar peso por unidad de venta para calcular despacho"
"15-2024-1035";"PALMETA NEOLITH MAR DEL PLATA SLATE 12MM 1,5X1,5";"PLACAS";"Neolith Palmetas";"Configurar peso por unidad de venta para calcular despacho"
"15-2025-0001";"PALMETA NEOLITH PORTLAND CEMENT SILK 06MM 1,5X1,5";"PLACAS";"Neolith Palmetas";"Configurar peso por unidad de venta para calcular despacho"
"15-2025-0002";"PALMETA NEOLITH SUPERWHITE 04 CH SILK 06MM 1,5X1,5";"PLACAS";"Neolith Palmetas";"Configurar peso por unidad de venta para calcular despacho"
"52-CUA-CA";"PLACA - CUARZO 20mm - CALACATTA ATHENA";"PLACAS";"Cuarzo 20mm";"Configurar peso por unidad de venta para calcular despacho"
"52-CUA-CE";"PLACA - CUARZO 20mm - CALACATTA ETERNAL";"PLACAS";"Cuarzo 20mm";"Configurar peso por unidad de venta para calcular despacho"
"52-CUA-CL";"PLACA - CUARZO 20mm - CONCRETE LIGHT";"PLACAS";"Cuarzo 20mm";"Configurar peso por unidad de venta para calcular despacho"
"52-CUA-GW";"PLACA - CUARZO 20mm - GLACIAR WHITE";"PLACAS";"Cuarzo 20mm";"Configurar peso por unidad de venta para calcular despacho"
"52-CUA-MI";"PLACA - CUARZO 20mm - MISTERY";"PLACAS";"Cuarzo 20mm";"Configurar peso por unidad de venta para calcular despacho"
"51-GRA-1000";"PLACA - GRANITO 20mm";"PLACAS";"Granito 20mm";"Completar largo, ancho o espesor antes de optimizar"
"73-LAM-RL1351";"LAMINA - LAMITECH - ROVERE LANGHE - 1,20 M X 1,125 M";"TABLEROS";"Tableros EGR Decor";"Completar largo, ancho o espesor antes de optimizar"
"73-LAM-NA1121";"LAMINA - LAMITECH - NOCE ASIA - 1,20 M X 1,125 M";"TABLEROS";"Tableros EGR Decor";"Completar largo, ancho o espesor antes de optimizar"
"72-STYLE-AHTM";"STYLELITE - ASH TRUMATTE";"TABLEROS";"Tableros EGR Decor";"Completar largo, ancho o espesor antes de optimizar"
"72-STYLE-CBTM2";"STYLELITE - CINNABAR TRUMATTE";"TABLEROS";"Tableros EGR Decor";"Completar largo, ancho o espesor antes de optimizar"
"72-STYLE-CTTM";"STYLELITE - COTTONSEED TRUMATTE - 2 CARAS";"TABLEROS";"Tableros EGR Decor";"Completar largo, ancho o espesor antes de optimizar"
"72-STYLE-MATM";"STYLELITE - MARIANA TRUMATTE - 2 CARAS";"TABLEROS";"Tableros EGR Decor";"Completar largo, ancho o espesor antes de optimizar"
"72-STYLE-SHTM";"STYLELITE - SHADE TRUMATTE - 2 CARAS";"TABLEROS";"Tableros EGR Decor";"Completar largo, ancho o espesor antes de optimizar"
"72-STYLE-WWUB";"STYLELITE - WHISPER WHITE TRUGLOSS - 2 CARAS";"TABLEROS";"Tableros EGR Decor";"Completar largo, ancho o espesor antes de optimizar"
"22-CHN-1002";"TABLERO MDF - BROWN - CHINO ACRILICO - 2 CARAS";"TABLEROS";"Tableros Chinos";"Completar largo, ancho o espesor antes de optimizar"
"22-CHN-1001";"TABLERO MDF - GREY - CHINO ACRILICO - 2 CARAS";"TABLEROS";"Tableros Chinos";"Completar largo, ancho o espesor antes de optimizar"
"22-CHN-1003";"TABLERO MDF - WHITE - CHINO ACRILICO - 2 CARAS";"TABLEROS";"Tableros Chinos";"Completar largo, ancho o espesor antes de optimizar"
"18-AC-CN";"ACCESORIO SALICE - BISAGRA - CUBRECAZOLETA NIQUELADO";"HERRAJES SALICE";"Bisagras, bases y accesorios";"Configurar peso por unidad de venta para calcular despacho"
"18-AC-CCT";"ACCESORIO SALICE - BISAGRA - CUBRECAZOLETA TITANIO";"HERRAJES SALICE";"Bisagras, bases y accesorios";"Configurar peso por unidad de venta para calcular despacho"
"18-AC-3000";"ACCESORIO SALICE - BISAGRA - REDUCTOR PROFUNDIDAD CAZOLETA 3,5 MM";"HERRAJES SALICE";"Bisagras, bases y accesorios";"Configurar peso por unidad de venta para calcular despacho"
"18-AC-ABGP";"ACCESORIO SALICE - BISAGRAS - GUIA VERIFICACION PERFORACION DE BISAGRA EN PUERTA";"HERRAJES SALICE";"Bisagras, bases y accesorios";"Configurar peso por unidad de venta para calcular despacho"
"18-AC-CBPM";"ACCESORIO SALICE - CUBRECAZOLETA PARA BISAGRAS SILENTIA SERIE 100 PARA PERFILES METALICOS";"HERRAJES SALICE";"Bisagras, bases y accesorios";"Configurar peso por unidad de venta para calcular despacho"
"18-AC-PMBT3";"ACCESORIO SALICE - PERFIL - BURLETE TRASPARENTE - PARA PERFIL METALICO BARRA 3 MT";"HERRAJES SALICE";"Perfiles, Push y Smove";"Configurar peso por unidad de venta para calcular despacho"
"18-AC-PMTEN26";"ACCESORIO SALICE - PERFIL ALUMINIO COLOR TITANIO 26MM VIDRIO ENCASTRADO - BARRA 3 MT";"HERRAJES SALICE";"Perfiles, Push y Smove";"Configurar peso por unidad de venta para calcular despacho"
"18-AC-PMTSP26";"ACCESORIO SALICE - PERFIL ALUMINIO COLOR TITANIO 26MM VIDRIO SOBRE PONER - BARRA 3 MT";"HERRAJES SALICE";"Perfiles, Push y Smove";"Configurar peso por unidad de venta para calcular despacho"
"18-AC-SMOVE";"ACCESORIO SALICE - SMOVE CON TOPE DE MONTAJE - SISTEMA DE FRENADO SUAVE";"HERRAJES SALICE";"Perfiles, Push y Smove";"Configurar peso por unidad de venta para calcular despacho"
"18-BI-ASCRN";"AIR - BISAGRA OCULTA AIR - NIQUELADA - CIERRE SUAVE (PAR) - RECTA";"HERRAJES SALICE";"Bisagras, bases y accesorios";"Configurar complementos compatibles antes de cotizar"
"18-BI-APCRN";"AIR - BISAGRA OCULTA AIR - NIQUELADA - PUSH (PAR) - RECTA";"HERRAJES SALICE";"Bisagras, bases y accesorios";"Configurar complementos compatibles antes de cotizar"
"18-BI-ASCRT";"AIR - BISAGRA OCULTA AIR - TITANIO - CIERRE SUAVE ( PAR) - RECTA";"HERRAJES SALICE";"Bisagras, bases y accesorios";"Configurar complementos compatibles antes de cotizar"
"18-BI-APCRT";"AIR - BISAGRA OCULTA AIR - TITANIO - PUSH ( PAR) - RECTA";"HERRAJES SALICE";"Bisagras, bases y accesorios";"Configurar complementos compatibles antes de cotizar"
"18-BI-AARB";"AIR - FUNDA - METALICA  REFUERZO PARA INSERTAR EN MELAMINA (PAR)";"HERRAJES SALICE";"Perfiles, Push y Smove";"Configurar peso por unidad de venta para calcular despacho"
"18-BI-AARC";"AIR - FUNDA - PLASTICA  REFUERZO CAZOLETA PARA INSERTAR EN MELAMINA O PERFIL DE ALUMINIO (PAR)";"HERRAJES SALICE";"Perfiles, Push y Smove";"Configurar peso por unidad de venta para calcular despacho"
"18-BI-AARE";"AIR- REFUERZO ESQUINERO INTERIOR PARA PERFIL METALICO";"HERRAJES SALICE";"Perfiles, Push y Smove";"Configurar peso por unidad de venta para calcular despacho"
"18-ES-B150";"EXCESSORIES - BARRA COLGADOR 150 CM";"HERRAJES SALICE";"Excessories";"Configurar peso por unidad de venta para calcular despacho"
"18-ES-B300";"EXCESSORIES - BARRA COLGADOR 3 M";"HERRAJES SALICE";"Excessories";"Configurar peso por unidad de venta para calcular despacho"
"18-ES-CA784LSL-P55-120";"EXCESSORIES - CAJON EXTRAER ALTO 4L 78 (1,185 X 0,510 M )";"HERRAJES SALICE";"Excessories";"Configurar peso por unidad de venta para calcular despacho"
"18-ES-CA523LSL-P45-50";"EXCESSORIES - CAJON EXTRAER MEDIO 3L 52 (0,47 X 0,42 M)";"HERRAJES SALICE";"Excessories";"Configurar peso por unidad de venta para calcular despacho"
"18-ES-CA523LSL-P45-55";"EXCESSORIES - CAJON EXTRAER MEDIO 3L 52 (0,54 X 0,42 M)";"HERRAJES SALICE";"Excessories";"Configurar peso por unidad de venta para calcular despacho"
"18-ES-CA523LSL-P45-85";"EXCESSORIES - CAJON EXTRAER MEDIO 3L 52 (0,84 X 0,42 M)";"HERRAJES SALICE";"Excessories";"Configurar peso por unidad de venta para calcular despacho"
"18-ES-CA523LSL-P45-114";"EXCESSORIES - CAJON EXTRAER MEDIO 3L 52 (1,14 X 0,42 M)";"HERRAJES SALICE";"Excessories";"Configurar peso por unidad de venta para calcular despacho"
"18-ES-CA524LSL-P45-50";"EXCESSORIES - CAJON EXTRAER MEDIO 4L 52 (0,47 X 0,44 M)";"HERRAJES SALICE";"Excessories";"Configurar peso por unidad de venta para calcular despacho"
"18-ES-CA524LSL-P45-55";"EXCESSORIES - CAJON EXTRAER MEDIO 4L 52 (0,54 X 0,44 M)";"HERRAJES SALICE";"Excessories";"Configurar peso por unidad de venta para calcular despacho"
"18-ES-CA524LSL-P45-85";"EXCESSORIES - CAJON EXTRAER MEDIO 4L 52 (0,84 X 0,44 M)";"HERRAJES SALICE";"Excessories";"Configurar peso por unidad de venta para calcular despacho"
"18-ES-CA524LSL-P45-114";"EXCESSORIES - CAJON EXTRAER MEDIO 4L 52 (1,14 X 0,44 M)";"HERRAJES SALICE";"Excessories";"Configurar peso por unidad de venta para calcular despacho"
"18-ES-CA524LSL-P55-120";"EXCESSORIES - CAJON EXTRAER MEDIO 4L 52 (1,185 X 0,510 M)";"HERRAJES SALICE";"Excessories";"Configurar peso por unidad de venta para calcular despacho"
"18-ES-APR-CA524LSL-P45-55";"EXCESSORIES - CESTA PORTA ROPA 0,44 X 0,52 M";"HERRAJES SALICE";"Excessories";"Configurar peso por unidad de venta para calcular despacho"
"18-ES-APR-CA524LSL-P55-120";"EXCESSORIES - CESTA PORTA ROPA 510";"HERRAJES SALICE";"Excessories";"Configurar peso por unidad de venta para calcular despacho"
"18-ES-ACR-P45";"EXCESSORIES - COLGADOR DE FALDA 440";"HERRAJES SALICE";"Excessories";"Configurar peso por unidad de venta para calcular despacho"
"18-ES-AIC";"EXCESSORIES - CONTROL TRANSFORMADOR";"HERRAJES SALICE";"Excessories";"Configurar peso por unidad de venta para calcular despacho"
"18-ES-RE304LSL-P50-50";"EXCESSORIES - ESTANTE BAJO 30 (0,49 X 0,49 M)";"HERRAJES SALICE";"Excessories";"Configurar peso por unidad de venta para calcular despacho"
"18-ES-RE304LSL-P50-57";"EXCESSORIES - ESTANTE BAJO 30 (0,56 X 0,49 M)";"HERRAJES SALICE";"Excessories";"Configurar peso por unidad de venta para calcular despacho"
"18-ES-RE304LSL-P50-87";"EXCESSORIES - ESTANTE BAJO 30 (0,86 X 0,49 M)";"HERRAJES SALICE";"Excessories";"Configurar peso por unidad de venta para calcular despacho"
"18-ES-RE304LSL-P50-117";"EXCESSORIES - ESTANTE BAJO 30 (1,16 X 0,49 M)";"HERRAJES SALICE";"Excessories";"Configurar peso por unidad de venta para calcular despacho"
"18-ES-RE304LCL-P50-50";"EXCESSORIES - ESTANTE BAJO 30+ LUZ (0,49 X 0,49 M)";"HERRAJES SALICE";"Excessories";"Configurar peso por unidad de venta para calcular despacho"
"18-ES-RE304LCL-P50-57";"EXCESSORIES - ESTANTE BAJO 30+ LUZ (0,56 X 0,49 M)";"HERRAJES SALICE";"Excessories";"Configurar peso por unidad de venta para calcular despacho"
"18-ES-RE304LCL-P50-87";"EXCESSORIES - ESTANTE BAJO 30+ LUZ (0,86 X 0,49 M)";"HERRAJES SALICE";"Excessories";"Configurar peso por unidad de venta para calcular despacho"
"18-ES-RE304LCL-P50-117";"EXCESSORIES - ESTANTE BAJO 30+ LUZ (1,16 X 0,49 M)";"HERRAJES SALICE";"Excessories";"Configurar peso por unidad de venta para calcular despacho"
"18-ES-RE364LSL-P50-50";"EXCESSORIES - ESTANTE BAJO 36 (0,49 X 0,49 M)";"HERRAJES SALICE";"Excessories";"Configurar peso por unidad de venta para calcular despacho"
"18-ES-RE364LSL-P50-57";"EXCESSORIES - ESTANTE BAJO 36 (0,56 X 0,49 M)";"HERRAJES SALICE";"Excessories";"Configurar peso por unidad de venta para calcular despacho"
"18-ES-RE364LSL-P50-87";"EXCESSORIES - ESTANTE BAJO 36 (0,86 X 0,49 M)";"HERRAJES SALICE";"Excessories";"Configurar peso por unidad de venta para calcular despacho"
"18-ES-RE364LSL-P50-117";"EXCESSORIES - ESTANTE BAJO 36 (1,16 X 0,49 M)";"HERRAJES SALICE";"Excessories";"Configurar peso por unidad de venta para calcular despacho"
"18-ES-RE364LSL-P55-120";"EXCESSORIES - ESTANTE BAJO 36 (1,199 X 0,529 M)";"HERRAJES SALICE";"Excessories";"Configurar peso por unidad de venta para calcular despacho"
"18-ES-RE364LCL-P55-60";"EXCESSORIES - ESTANTE BAJO 36 + LUZ (0,599 X 0,529 M)";"HERRAJES SALICE";"Excessories";"Configurar peso por unidad de venta para calcular despacho"
"18-ES-RE364LCL-P55-120";"EXCESSORIES - ESTANTE BAJO 36 + LUZ EXCESSORIES";"HERRAJES SALICE";"Excessories";"Configurar peso por unidad de venta para calcular despacho"
"18-ES-RE364LCL-P50-50";"EXCESSORIES - ESTANTE BAJO 36+ LUZ (0,49 X 0,49 M)";"HERRAJES SALICE";"Excessories";"Configurar peso por unidad de venta para calcular despacho"
"18-ES-RE364LCL-P50-57";"EXCESSORIES - ESTANTE BAJO 36+ LUZ (0,56 X 0,49 M)";"HERRAJES SALICE";"Excessories";"Configurar peso por unidad de venta para calcular despacho"
"18-ES-RE364LCL-P50-87";"EXCESSORIES - ESTANTE BAJO 36+ LUZ (0,86 X 0,49 M)";"HERRAJES SALICE";"Excessories";"Configurar peso por unidad de venta para calcular despacho"
"18-ES-RE364LCL-P50-117";"EXCESSORIES - ESTANTE BAJO 36+ LUZ (1,16 X 0,49 M)";"HERRAJES SALICE";"Excessories";"Configurar peso por unidad de venta para calcular despacho"
"18-ES-APP-CA524LSL-P55-120";"EXCESSORIES - PANTALONERO";"HERRAJES SALICE";"Excessories";"Configurar peso por unidad de venta para calcular despacho"
"18-ES-APP-P45";"EXCESSORIES - PANTALONERO 440";"HERRAJES SALICE";"Excessories";"Configurar peso por unidad de venta para calcular despacho"
"18-ES-BPS";"EXCESSORIES - PAR SOPORTE BARRA COLGADOR";"HERRAJES SALICE";"Excessories";"Configurar peso por unidad de venta para calcular despacho"
"18-ES-ASF75488";"EXCESSORIES - SOPORTE VIDRIO FRONTAL 6MM (0,48 M)";"HERRAJES SALICE";"Excessories";"Configurar peso por unidad de venta para calcular despacho"
"18-ES-ASF75558";"EXCESSORIES - SOPORTE VIDRIO FRONTAL 6MM (0,55 M)";"HERRAJES SALICE";"Excessories";"Configurar peso por unidad de venta para calcular despacho"
"18-ES-ASF75858";"EXCESSORIES - SOPORTE VIDRIO FRONTAL 6MM (0,85 M)";"HERRAJES SALICE";"Excessories";"Configurar peso por unidad de venta para calcular despacho"
"18-ES-ASF751158";"EXCESSORIES - SOPORTE VIDRIO FRONTAL 6MM (1,15 M)";"HERRAJES SALICE";"Excessories";"Configurar peso por unidad de venta para calcular despacho"
"18-ES-AIT";"EXCESSORIES - TRANSFORMADOR";"HERRAJES SALICE";"Excessories";"Configurar peso por unidad de venta para calcular despacho"
"18-ES-AZM-CA524LSL-P45-50";"EXCESSORIES - ZAPATERO METALICO 0,44 X 0,46 M";"HERRAJES SALICE";"Excessories";"Configurar peso por unidad de venta para calcular despacho"
"18-ES-AZM-CA524LSL-P45-80";"EXCESSORIES - ZAPATERO METALICO 0,44 X 0,76 M";"HERRAJES SALICE";"Excessories";"Configurar peso por unidad de venta para calcular despacho"
"18-ES-AZM-CA524LSL-P45-110";"EXCESSORIES - ZAPATERO METALICO 0,44 X 1,06 M";"HERRAJES SALICE";"Excessories";"Configurar peso por unidad de venta para calcular despacho"
"18-ES-AZM-P45";"EXCESSORIES - ZAPATERO METALICO 510";"HERRAJES SALICE";"Excessories";"Configurar peso por unidad de venta para calcular despacho"
"18-LI-BF178B";"LINEABOX - BARRA FRONTAL PARA CAJON INTERNO - H 178MM - BLANCO";"HERRAJES SALICE";"Lineabox";"Configurar peso por unidad de venta para calcular despacho"
"18-LI-BL101B3M";"LINEABOX - BARRA LATERAL DE 3 M - H 101 MM - BLANCO";"HERRAJES SALICE";"Lineabox";"Configurar peso por unidad de venta para calcular despacho"
"18-LI-BL101G3M";"LINEABOX - BARRA LATERAL DE 3 M - H 101 MM - GRIS TITANIO";"HERRAJES SALICE";"Lineabox";"Configurar peso por unidad de venta para calcular despacho"
"18-LI-BL101I3M";"LINEABOX - BARRA LATERAL DE 3 M - H 101 MM - INOX";"HERRAJES SALICE";"Lineabox";"Configurar peso por unidad de venta para calcular despacho"
"18-LI-BA104A";"LINEABOX - BARRA LATERAL DE 3 M - H 104 MM - ALUMINIO";"HERRAJES SALICE";"Lineabox";"Configurar peso por unidad de venta para calcular despacho"
"18-LI-BL178B3M";"LINEABOX - BARRA LATERAL DE 3 M - H 178 MM - BLANCO";"HERRAJES SALICE";"Lineabox";"Configurar peso por unidad de venta para calcular despacho"
"18-LI-BL178G3M";"LINEABOX - BARRA LATERAL DE 3 M - H 178 MM - GRIS TITANIO";"HERRAJES SALICE";"Lineabox";"Configurar peso por unidad de venta para calcular despacho"
"18-LI-BL178I3M";"LINEABOX - BARRA LATERAL DE 3 M - H 178 MM - INOX";"HERRAJES SALICE";"Lineabox";"Configurar peso por unidad de venta para calcular despacho"
"18-LI-BL178T3M";"LINEABOX - BARRA LATERAL DE 3 M - H 178 MM - TITANIO";"HERRAJES SALICE";"Lineabox";"Configurar peso por unidad de venta para calcular despacho"
"18-LI-BA180A";"LINEABOX - BARRA LATERAL DE 3 M - H 180 MM - ALUMINIO";"HERRAJES SALICE";"Lineabox";"Configurar peso por unidad de venta para calcular despacho"
"18-LI-BL075B3M";"LINEABOX - BARRA LATERAL DE 3 M - H 75 MM - BLANCO";"HERRAJES SALICE";"Lineabox";"Configurar peso por unidad de venta para calcular despacho"
"18-LI-BL075G3M";"LINEABOX - BARRA LATERAL DE 3 M - H 75 MM - GRIS TITANIO";"HERRAJES SALICE";"Lineabox";"Configurar peso por unidad de venta para calcular despacho"
"18-LI-BL075I3M";"LINEABOX - BARRA LATERAL DE 3 M - H 75 MM - INOX";"HERRAJES SALICE";"Lineabox";"Configurar peso por unidad de venta para calcular despacho"
"18-LI-ACF";"LINEABOX - CONECTOR  FRONTAL CAJONERA";"HERRAJES SALICE";"Lineabox";"Configurar peso por unidad de venta para calcular despacho"
"18-LI-AEF";"LINEABOX - ENGANCHE FRONTAL";"HERRAJES SALICE";"Lineabox";"Configurar peso por unidad de venta para calcular despacho"
"18-LI-EFYPATOR";"LINEABOX - ENGANCHE FRONTAL Y POSTERIOR DE ATORNILLAR. TORNILLOS PARA FRONTAL DE MADERA INCLUIDOS ø 3,5 x 20MM";"HERRAJES SALICE";"Lineabox";"Configurar peso por unidad de venta para calcular despacho"
"18-LI-FCIB178BPAR";"LINEABOX - FRONTAL PARA CAJON INTERNO - H 178MM - BLANCO - PAR";"HERRAJES SALICE";"Lineabox";"Configurar peso por unidad de venta para calcular despacho"
"18-LI-FCIB101BPAR";"LINEABOX - FRONTAL PARA CAJON INTERNO - H101MM - BLANCO - PAR";"HERRAJES SALICE";"Lineabox";"Configurar peso por unidad de venta para calcular despacho"
"18-LI-FCIV101BPAR";"LINEABOX - FRONTAL PARA CAJON INTERNO CON VIDRIO - H 101MM - BLANCO - PAR";"HERRAJES SALICE";"Lineabox";"Configurar peso por unidad de venta para calcular despacho"
"18-LI-FCIV178BPAR";"LINEABOX - FRONTAL PARA CAJON INTERNO CON VIDRIO - H 178MM - BLANCO - PAR";"HERRAJES SALICE";"Lineabox";"Configurar peso por unidad de venta para calcular despacho"
"18-LI-PF178B";"LINEABOX - PERFIL FRONTAL PARA CAJON INTERNO - H178MM O H75MM - BLANCO";"HERRAJES SALICE";"Lineabox";"Configurar peso por unidad de venta para calcular despacho"
"18-LI-PFV178B";"LINEABOX - PERFIL FRONTAL PARA CAJON INTERNO CON VIDRIO - H 178MM - BLANCO";"HERRAJES SALICE";"Lineabox";"Configurar peso por unidad de venta para calcular despacho"
"18-LI-AAA";"LINEABOX - PLACA EN ACERO LOGO SALICE PARA CAJON";"HERRAJES SALICE";"Lineabox";"Configurar peso por unidad de venta para calcular despacho"
"18-LI-APTFC";"LINEABOX - PLANTILLA PARA TALADRAR EL FRENTE DEL CAJON";"HERRAJES SALICE";"Lineabox";"Configurar peso por unidad de venta para calcular despacho"
"18-LI-ARICAJON";"LINEABOX - SOPORTE DE REFUERZO PARA LA PARTE INTERIOR DEL CAJON ( 1 CONJUNTO)";"HERRAJES SALICE";"Lineabox";"Configurar peso por unidad de venta para calcular despacho"
"18-OR-C2705300150";"ORGANIZADOR SALICE CONTENEDOR";"HERRAJES SALICE";"Organizadores";"Configurar peso por unidad de venta para calcular despacho"
"18-OR-C2445317100";"ORGANIZADOR SALICE CONTENEDOR CON 2 SEPARADORES INTERNOS EXTRAIBLES 317x100x44.5MM";"HERRAJES SALICE";"Organizadores";"Configurar peso por unidad de venta para calcular despacho"
"18-OR-C3445317200";"ORGANIZADOR SALICE CONTENEDOR CON 3 SEPARADORES INTERNOS EXTRAIBLES 317x200X44.5MM";"HERRAJES SALICE";"Organizadores";"Configurar peso por unidad de venta para calcular despacho"
"18-OR-C0705150267";"ORGANIZADOR SALICE CONTENEDOR SIN SEPARADORES 267x150x70.5MM";"HERRAJES SALICE";"Organizadores";"Configurar peso por unidad de venta para calcular despacho"
"18-OR-C0705150317";"ORGANIZADOR SALICE CONTENEDOR SIN SEPARADORES 317X150x70.5MM";"HERRAJES SALICE";"Organizadores";"Configurar peso por unidad de venta para calcular despacho"
"18-OR-C0705150367";"ORGANIZADOR SALICE CONTENEDOR SIN SEPARADORES 367X150X70.5MM";"HERRAJES SALICE";"Organizadores";"Configurar peso por unidad de venta para calcular despacho"
"18-OR-EP";"ORGANIZADOR SALICE ELEMENTO PUENTE";"HERRAJES SALICE";"Organizadores";"Configurar peso por unidad de venta para calcular despacho"
"18-PI-PBA";"PIN - PERFIL DE ALUMINIO PIN 3 MTL ACABADO ALUMINIO";"HERRAJES SALICE";"PIN";"Configurar peso por unidad de venta para calcular despacho"
"18-PI-PBT";"PIN - PIN BOTELLA TITANIO";"HERRAJES SALICE";"PIN";"Configurar peso por unidad de venta para calcular despacho"
"18-PI-PHT";"PIN - PIN COLGADOR TITANIO";"HERRAJES SALICE";"PIN";"Configurar peso por unidad de venta para calcular despacho"
"18-PI-PRT";"PIN - PIN REPISA TITANIO";"HERRAJES SALICE";"PIN";"Configurar peso por unidad de venta para calcular despacho"
"18-PI-TAL";"PIN - TORNILLO PARA PERFIL DE ALUMINIO CON TACO PARA PARED";"HERRAJES SALICE";"PIN";"Configurar peso por unidad de venta para calcular despacho"
"18-AC-1113";"PUSH - ADAPTADOR";"HERRAJES SALICE";"Perfiles, Push y Smove";"Configurar peso por unidad de venta para calcular despacho"
"18-AC-1110";"PUSH - CONTRAPULSADOR CON ADHESIVO";"HERRAJES SALICE";"Perfiles, Push y Smove";"Configurar peso por unidad de venta para calcular despacho"
"18-AC-1111";"PUSH - CONTRAPULSADOR INSERTAR";"HERRAJES SALICE";"Perfiles, Push y Smove";"Configurar peso por unidad de venta para calcular despacho"
"18-AC-1112";"PUSH - CONTRAPULSADOR MAGNETICO REGULABLE";"HERRAJES SALICE";"Perfiles, Push y Smove";"Configurar peso por unidad de venta para calcular despacho"
"18-AC-1100";"PUSH - PULSADOR  BEIGE";"HERRAJES SALICE";"Perfiles, Push y Smove";"Configurar peso por unidad de venta para calcular despacho"
"18-AC-1101";"PUSH - PULSADOR MAGNETICO -  GRIS";"HERRAJES SALICE";"Perfiles, Push y Smove";"Configurar peso por unidad de venta para calcular despacho"
"18-FOL-0001";"SISTEMA FOLDER 180°  350 - 500 (2 DERECHO Y 2 IZQUIERDO)";"HERRAJES SALICE";"Perfiles, Push y Smove";"Configurar peso por unidad de venta para calcular despacho"
"18-AC-2000";"ACCESORIO SALICE - BISAGRA - PLACA METALICA CUBRETORNILLOS PARA BISAGRAS";"HERRAJES SALICE";"Bisagras, bases y accesorios";"Configurar peso por unidad de venta para calcular despacho"
"18-AC-2006";"ACCESORIO SALICE - BISAGRA TITANIO - PLACA METALICA CUBRETORNILLOS PARA BISAGRAS TITANIO";"HERRAJES SALICE";"Bisagras, bases y accesorios";"Configurar peso por unidad de venta para calcular despacho"
"18-BA-CA1AN0";"SALICE - BASE EN CRUZ - 1 EXCENTRICO - ACERO - H0 - ATORNILLAR - NIQUELADA";"HERRAJES SALICE";"Bisagras, bases y accesorios";"Configurar peso por unidad de venta para calcular despacho"
"18-BA-CA0AN0";"SALICE - BASE EN CRUZ - 1 EXCENTRICO - ACERO - H0 - ATORNILLAR - NIQUELADA (REFRIGERADOR)";"HERRAJES SALICE";"Bisagras, bases y accesorios";"Configurar peso por unidad de venta para calcular despacho"
"18-BA-CA1AN3";"SALICE - BASE EN CRUZ - 1 EXCENTRICO - ACERO - H3 - ATORNILLAR - NIQUELADA";"HERRAJES SALICE";"Bisagras, bases y accesorios";"Configurar peso por unidad de venta para calcular despacho"
"18-BA-CA1AN4";"SALICE - BASE EN CRUZ - 1 EXCENTRICO - ACERO - H4 - ATORNILLAR - NIQUELADA";"HERRAJES SALICE";"Bisagras, bases y accesorios";"Configurar peso por unidad de venta para calcular despacho"
"18-BA-CA1CN0";"SALICE - BASE EN CRUZ - 1 EXCENTRICO - ACERO Y ZAMAK - H0 - ATORNILLAR - NIQUELADA";"HERRAJES SALICE";"Bisagras, bases y accesorios";"Configurar peso por unidad de venta para calcular despacho"
"18-BA-CA1CN3";"SALICE - BASE EN CRUZ - 1 EXCENTRICO - ACERO Y ZAMAK - H3 - ATORNILLAR - NIQUELADA";"HERRAJES SALICE";"Bisagras, bases y accesorios";"Configurar peso por unidad de venta para calcular despacho"
"18-BA-CA1CN4";"SALICE - BASE EN CRUZ - 1 EXCENTRICO - ACERO Y ZAMAK - H4 - ATORNILLAR - NIQUELADA";"HERRAJES SALICE";"Bisagras, bases y accesorios";"Configurar peso por unidad de venta para calcular despacho"
"18-BA-LA2AN0";"SALICE - BASE LINEAL - 2 EXCENTRICO - ACERO - H0 - ATORNILLAR - NIQUELADA";"HERRAJES SALICE";"Bisagras, bases y accesorios";"Configurar peso por unidad de venta para calcular despacho"
"18-BA-LT2AN0";"SALICE - BASE LINEAL - 2 EXCENTRICO - ACERO - H0 - TARUGO - NIQUELADA";"HERRAJES SALICE";"Bisagras, bases y accesorios";"Configurar peso por unidad de venta para calcular despacho"
"18-BA-LA2AN3";"SALICE - BASE LINEAL - 2 EXCENTRICO - ACERO - H3 - ATORNILLAR - NIQUELADA";"HERRAJES SALICE";"Bisagras, bases y accesorios";"Configurar peso por unidad de venta para calcular despacho"
"18-BA-LE2CN3";"SALICE - BASE LINEAL - 2 EXCENTRICO - ACERO - H3 - EURO - NIQUELADA";"HERRAJES SALICE";"Bisagras, bases y accesorios";"Configurar peso por unidad de venta para calcular despacho"
"18-BA-LT2AN3";"SALICE - BASE LINEAL - 2 EXCENTRICO - ACERO - H3 - TARUGO - NIQUELADA";"HERRAJES SALICE";"Bisagras, bases y accesorios";"Configurar peso por unidad de venta para calcular despacho"
"18-BA-LA2BN0";"SALICE - BASE LINEAL - 2 EXCENTRICO - ZAMAK - H0 -  ATORNILLAR - NIQUELADA";"HERRAJES SALICE";"Bisagras, bases y accesorios";"Configurar peso por unidad de venta para calcular despacho"
"18-BA-LE2BN0";"SALICE - BASE LINEAL - 2 EXCENTRICO - ZAMAK - H0 - EURO - NIQUELADA";"HERRAJES SALICE";"Bisagras, bases y accesorios";"Configurar peso por unidad de venta para calcular despacho"
"18-BA-LT2BN0";"SALICE - BASE LINEAL - 2 EXCENTRICO - ZAMAK - H0 - TARUGO - NIQUELADA";"HERRAJES SALICE";"Bisagras, bases y accesorios";"Configurar peso por unidad de venta para calcular despacho"
"18-BA-LT2BN02";"SALICE - BASE LINEAL - 2 EXCENTRICO - ZAMAK - H0 - TARUGO - NIQUELADA (PUERTA VIDRIADA)";"HERRAJES SALICE";"Bisagras, bases y accesorios";"Configurar peso por unidad de venta para calcular despacho"
"18-BA-LA2BN3";"SALICE - BASE LINEAL - 2 EXCENTRICO - ZAMAK - H3 -  ATORNILLAR - NIQUELADA";"HERRAJES SALICE";"Bisagras, bases y accesorios";"Configurar peso por unidad de venta para calcular despacho"
"18-BA-LE2BN3";"SALICE - BASE LINEAL - 2 EXCENTRICO - ZAMAK - H3 - EURO - NIQUELADA (EVOLIFT)";"HERRAJES SALICE";"Bisagras, bases y accesorios";"Configurar peso por unidad de venta para calcular despacho"
"18-BA-LT2BN3";"SALICE - BASE LINEAL - 2 EXCENTRICO - ZAMAK - H3 - TARUGO - NIQUELADA";"HERRAJES SALICE";"Bisagras, bases y accesorios";"Configurar peso por unidad de venta para calcular despacho"
"18-BA-LP2BN";"SALICE - BASE LINEAL - 2 EXCENTRICO - ZAMAK - H5 - PARA PEGAR (UV)";"HERRAJES SALICE";"Bisagras, bases y accesorios";"Configurar peso por unidad de venta para calcular despacho"
"18-BA-LA2BT0";"SALICE - BASE LINEAL TITANIO - 2 EXCENTRICO - ZAMAK - H0 -  ATORNILLAR - TITANIO";"HERRAJES SALICE";"Bisagras, bases y accesorios";"Configurar peso por unidad de venta para calcular despacho"
"18-BA-LT2BT0";"SALICE - BASE LINEAL TITANIO - 2 EXCENTRICO - ZAMAK - H0 - TARUGO - TITANIO";"HERRAJES SALICE";"Bisagras, bases y accesorios";"Configurar peso por unidad de venta para calcular despacho"
"18-BA-LA2BT3";"SALICE - BASE LINEAL TITANIO - 2 EXCENTRICO - ZAMAK - H3 -  ATORNILLAR - TITANIO";"HERRAJES SALICE";"Bisagras, bases y accesorios";"Configurar peso por unidad de venta para calcular despacho"
"18-BA-LT2BT3";"SALICE - BASE LINEAL TITANIO - 2 EXCENTRICO - ZAMAK - H3 - TARUGO - TITANIO";"HERRAJES SALICE";"Bisagras, bases y accesorios";"Configurar peso por unidad de venta para calcular despacho"
"18-BA-C8A1AN0";"SALICE - BASE SERIE 800 - BASE EN CRUZ - 1 EXCENTRICO - ACERO - H0 - ATORNILLAR";"HERRAJES SALICE";"Bisagras, bases y accesorios";"Configurar peso por unidad de venta para calcular despacho"
"18-BA-C8T1AN0";"SALICE - BASE SERIE 800 - BASE EN CRUZ - 1 EXCENTRICO - ACERO - H0 - TARUGO";"HERRAJES SALICE";"Bisagras, bases y accesorios";"Configurar peso por unidad de venta para calcular despacho"
"18-BA-C8A1AN3";"SALICE - BASE SERIE 800 - BASE EN CRUZ - 1 EXCENTRICO - ACERO - H3 - ATORNILLAR";"HERRAJES SALICE";"Bisagras, bases y accesorios";"Configurar peso por unidad de venta para calcular despacho"
"18-BA-C8T1AN3";"SALICE - BASE SERIE 800 - BASE EN CRUZ - 1 EXCENTRICO - ACERO - H3 - TARUGO";"HERRAJES SALICE";"Bisagras, bases y accesorios";"Configurar peso por unidad de venta para calcular despacho"
"18-BI-LTBB";"SALICE - BISAGRA LAPIS - COBERTURA COLOR BLANCO OPACO PARA BISAGRA";"HERRAJES SALICE";"Bisagras, bases y accesorios";"Configurar peso por unidad de venta para calcular despacho"
"18-BI-LTCB";"SALICE - BISAGRA LAPIS - COBERTURA COLOR BLANCO OPACO PARA CAZOLETA";"HERRAJES SALICE";"Bisagras, bases y accesorios";"Configurar peso por unidad de venta para calcular despacho"
"18-BI-LTBN";"SALICE - BISAGRA LAPIS - COBERTURA COLOR NEGRO OPACO PARA BISAGRA";"HERRAJES SALICE";"Bisagras, bases y accesorios";"Configurar peso por unidad de venta para calcular despacho"
"18-BI-LTCN";"SALICE - BISAGRA LAPIS - COBERTURA COLOR NEGRO OPACO PARA CAZOLETA";"HERRAJES SALICE";"Bisagras, bases y accesorios";"Configurar peso por unidad de venta para calcular despacho"
"18-BI-PAACN";"SALICE - BISAGRA PERFIL METÁLICO - CIERRE AUTOMÁTICO - ATORNILLAR -  CURVA (C17) - NIQUELADA - SERIE 200";"HERRAJES SALICE";"Bisagras, bases y accesorios";"Configurar complementos compatibles antes de cotizar"
"18-BI-PAART";"SALICE - BISAGRA PERFIL METÁLICO - CIERRE AUTOMÁTICO - ATORNILLAR -  RECTA (105°) - TITANIO - SERIE 200";"HERRAJES SALICE";"Bisagras, bases y accesorios";"Configurar complementos compatibles antes de cotizar"
"18-BI-PAACT";"SALICE - BISAGRA PERFIL METÁLICO - CIERRE AUTOMÁTICO - ATORNILLAR - CURVA (C17) - TITANIO - SERIE 200";"HERRAJES SALICE";"Bisagras, bases y accesorios";"Configurar complementos compatibles antes de cotizar"
"18-BI-PAARN";"SALICE - BISAGRA PERFIL METÁLICO - CIERRE AUTOMÁTICO - ATORNILLAR - RECTA (105°) - NIQUELADA - SERIE 200";"HERRAJES SALICE";"Bisagras, bases y accesorios";"Configurar complementos compatibles antes de cotizar"
"18-BI-PSART";"SALICE - BISAGRA PERFIL METALICO - CIERRE SUAVE - CAZUELETA ATORNILLAR - RECTA (105°) - TITANIO - SERIE 700";"HERRAJES SALICE";"Bisagras, bases y accesorios";"Configurar complementos compatibles antes de cotizar"
"18-BI-PPACN";"SALICE - BISAGRA PERFIL METÁLICO - PUSH - ATORNILLAR - CURVA (C17) - NIQUELADA -";"HERRAJES SALICE";"Bisagras, bases y accesorios";"Configurar complementos compatibles antes de cotizar"
"18-BI-PPACT";"SALICE - BISAGRA PERFIL METÁLICO - PUSH - ATORNILLAR - CURVA (C17) - TITANIO - SERIE 200";"HERRAJES SALICE";"Bisagras, bases y accesorios";"Configurar complementos compatibles antes de cotizar"
"18-BI-PPARN";"SALICE - BISAGRA PERFIL METÁLICO - PUSH - ATORNILLAR - RECTA (105°) - NIQUELADA - SERIE 200";"HERRAJES SALICE";"Bisagras, bases y accesorios";"Configurar complementos compatibles antes de cotizar"
"18-BI-PPART";"SALICE - BISAGRA PERFIL METÁLICO - PUSH - ATORNILLAR - RECTA (105°) - TITANIO - SERIE 200";"HERRAJES SALICE";"Bisagras, bases y accesorios";"Configurar complementos compatibles antes de cotizar"
"18-EX-OGA";"EXEDRA - OPCION GUIAS PUERTA CON MARCO ALUMINIO";"HERRAJES SALICE";"Sistemas de puertas";"Configurar peso por unidad de venta para calcular despacho"
"18-EX-OSS";"EXEDRA - OPCIONAL CIERRE SUAVE BISAGRAS SMOVE";"HERRAJES SALICE";"Bisagras, bases y accesorios";"Configurar peso por unidad de venta para calcular despacho"
"18-EX-OLF";"EXEDRA - OPCIONAL CONECTORES PARA COLGAR LATERAL FALSO";"HERRAJES SALICE";"Sistemas de puertas";"Configurar peso por unidad de venta para calcular despacho"
"18-EX-OLFG";"EXEDRA - OPCIONAL CUBIERTA GRIS FALSO VERTICAL";"HERRAJES SALICE";"Sistemas de puertas";"Configurar peso por unidad de venta para calcular despacho"
"18-EX-OLFN";"EXEDRA - OPCIONAL CUBIERTA NEGRO FALSO VERTICAL";"HERRAJES SALICE";"Sistemas de puertas";"Configurar peso por unidad de venta para calcular despacho"
"18-EX-SDGIN1600";"EXEDRA GRAVITY - GRAVITY IN DERECHO RETORNO AUTOMATICO1600/750 RH";"HERRAJES SALICE";"Sistemas de puertas";"Configurar peso por unidad de venta para calcular despacho"
"18- EX-SDGIN3000";"EXEDRA GRAVITY - GRAVITY IN DERECHO RETORNO MECANICO 3000/900 RH";"HERRAJES SALICE";"Sistemas de puertas";"Configurar peso por unidad de venta para calcular despacho"
"18-EX-SIGIN1600";"EXEDRA GRAVITY - GRAVITY IN IZQUIERDO RETORNO AUTOMATICO 1600/750 LH";"HERRAJES SALICE";"Sistemas de puertas";"Configurar peso por unidad de venta para calcular despacho"
"18-EX-SIGIN3000";"EXEDRA GRAVITY - GRAVITY IN IZQUIERDO RETORNO MECANICO 3000/ 900 LH";"HERRAJES SALICE";"Sistemas de puertas";"Configurar peso por unidad de venta para calcular despacho"
"18-EX-SDGOUT1600";"EXEDRA GRAVITY - GRAVITY OUT DERECHO SALIDA AUTOMATICA 1600/750 RH";"HERRAJES SALICE";"Sistemas de puertas";"Configurar peso por unidad de venta para calcular despacho"
"18-EX-SIGOUT1600";"EXEDRA GRAVITY - GRAVITY OUT IZQUIERDO SALIDA AUTOMATICA 1600/750 LH";"HERRAJES SALICE";"Sistemas de puertas";"Configurar peso por unidad de venta para calcular despacho"
"18-EX-KIT2SMOVE";"EXEDRAS - SET 2 BISAGRAS, TORNILLO Y 1 SMOVE NIQUELADO";"HERRAJES SALICE";"Bisagras, bases y accesorios";"Configurar peso por unidad de venta para calcular despacho"
"18-EX-KIT3SMOVE";"EXEDRAS - SET 3 BISAGRA, TORNILLO Y 2 SMOVE NIQUELADO";"HERRAJES SALICE";"Bisagras, bases y accesorios";"Configurar peso por unidad de venta para calcular despacho"
"18-EX-KIT4PUSH";"EXEDRAS - SET 4 BISAGRA PUSH, TORNILLO Y 1 PULSADOR - CONTRAPULSADOR NIQUELADO";"HERRAJES SALICE";"Bisagras, bases y accesorios";"Configurar peso por unidad de venta para calcular despacho"
"18-EX-KIT4SMOVE";"EXEDRAS - SET 4 BISAGRA, TORNILLO Y 2 SMOVE NIQUELADO";"HERRAJES SALICE";"Bisagras, bases y accesorios";"Configurar peso por unidad de venta para calcular despacho"
"18-EX-KIT5PUSH";"EXEDRAS - SET 5 BISAGRA PUSH, TORNILLO Y 1 PULSADOR NIQUELADO";"HERRAJES SALICE";"Bisagras, bases y accesorios";"Configurar peso por unidad de venta para calcular despacho"
"18-EX-KIT5SMOVE";"EXEDRAS - SET 5 BISAGRA, TORNILLO Y 2 SMOVE NIQUELADO";"HERRAJES SALICE";"Bisagras, bases y accesorios";"Configurar peso por unidad de venta para calcular despacho"
"18-GL-ACF";"GLOW - COBERTURA FRONTAL";"HERRAJES SALICE";"Sistemas de puertas";"Configurar peso por unidad de venta para calcular despacho"
"18-GL-PI";"GLOW - PERFIL INFERIOR";"HERRAJES SALICE";"Sistemas de puertas";"Configurar peso por unidad de venta para calcular despacho"
"18-GL-PS";"GLOW - PERFIL SUPERIOR";"HERRAJES SALICE";"Sistemas de puertas";"Configurar peso por unidad de venta para calcular despacho"
"18-GL-SE";"GLOW - SISTEMA ENGANCHE";"HERRAJES SALICE";"Sistemas de puertas";"Configurar peso por unidad de venta para calcular despacho"
"18-GL-SM";"GLOW - SISTEMA MAGNETICO";"HERRAJES SALICE";"Sistemas de puertas";"Configurar peso por unidad de venta para calcular despacho"
"18-GU-PA7";"SALICE GUIDE - F70 - PAR DE ACOPLAMIENTO GUIA";"HERRAJES SALICE";"Guías y acoplamientos";"Configurar peso por unidad de venta para calcular despacho"
"18-GU-PAG";"SALICE GUIDE - PAR DE ACOPLAMIENTO";"HERRAJES SALICE";"Guías y acoplamientos";"Configurar peso por unidad de venta para calcular despacho"
"18-SE-EDS60DD";"EVOLIFT - PUERTA ABATIBLE DOBLE - CIERRE AMORTIGUADO LONGITUD BRAZO 60 CM - FUERZA DEBIL - LADO DE APLICACIÓN DERECHO";"HERRAJES SALICE";"Sistemas de elevación";"Configurar complementos compatibles antes de cotizar"
"18-SE-EDS60DD";"EVOLIFT - PUERTA ABATIBLE DOBLE - CIERRE AMORTIGUADO LONGITUD BRAZO 60 CM - FUERZA DEBIL - LADO DE APLICACIÓN DERECHO";"HERRAJES SALICE";"Sistemas de elevación";"Configurar peso por unidad de venta para calcular despacho"
"18-SE-EDS60DI";"EVOLIFT - PUERTA ABATIBLE DOBLE - CIERRE AMORTIGUADO LONGITUD BRAZO 60 CM - FUERZA DEBIL - LADO DE APLICACIÓN IZQUIERDO";"HERRAJES SALICE";"Sistemas de elevación";"Configurar complementos compatibles antes de cotizar"
"18-SE-EDS60DI";"EVOLIFT - PUERTA ABATIBLE DOBLE - CIERRE AMORTIGUADO LONGITUD BRAZO 60 CM - FUERZA DEBIL - LADO DE APLICACIÓN IZQUIERDO";"HERRAJES SALICE";"Sistemas de elevación";"Configurar peso por unidad de venta para calcular despacho"
"18-SE-EDS72DD";"EVOLIFT - PUERTA ABATIBLE DOBLE - CIERRE AMORTIGUADO LONGITUD BRAZO 72 CM - FUERZA DEBIL - LADO DE APLICACIÓN DERECHO";"HERRAJES SALICE";"Sistemas de elevación";"Configurar complementos compatibles antes de cotizar"
"18-SE-EDS72DD";"EVOLIFT - PUERTA ABATIBLE DOBLE - CIERRE AMORTIGUADO LONGITUD BRAZO 72 CM - FUERZA DEBIL - LADO DE APLICACIÓN DERECHO";"HERRAJES SALICE";"Sistemas de elevación";"Configurar peso por unidad de venta para calcular despacho"
"18-SE-EDS72DI";"EVOLIFT - PUERTA ABATIBLE DOBLE - CIERRE AMORTIGUADO LONGITUD BRAZO 72 CM - FUERZA DEBIL - LADO DE APLICACIÓN IZQUIERDO";"HERRAJES SALICE";"Sistemas de elevación";"Configurar complementos compatibles antes de cotizar"
"18-SE-EDS72DI";"EVOLIFT - PUERTA ABATIBLE DOBLE - CIERRE AMORTIGUADO LONGITUD BRAZO 72 CM - FUERZA DEBIL - LADO DE APLICACIÓN IZQUIERDO";"HERRAJES SALICE";"Sistemas de elevación";"Configurar peso por unidad de venta para calcular despacho"
"18-SE-EDS78DD";"EVOLIFT - PUERTA ABATIBLE DOBLE - CIERRE AMORTIGUADO LONGITUD BRAZO 78 CM - FUERZA DEBIL - LADO DE APLICACIÓN DERECHO";"HERRAJES SALICE";"Sistemas de elevación";"Configurar complementos compatibles antes de cotizar"
"18-SE-EDS78DD";"EVOLIFT - PUERTA ABATIBLE DOBLE - CIERRE AMORTIGUADO LONGITUD BRAZO 78 CM - FUERZA DEBIL - LADO DE APLICACIÓN DERECHO";"HERRAJES SALICE";"Sistemas de elevación";"Configurar peso por unidad de venta para calcular despacho"
"18-SE-EDS78DI";"EVOLIFT - PUERTA ABATIBLE DOBLE - CIERRE AMORTIGUADO LONGITUD BRAZO 78 CM - FUERZA DEBIL - LADO DE APLICACIÓN IZQUIERDO";"HERRAJES SALICE";"Sistemas de elevación";"Configurar complementos compatibles antes de cotizar"
"18-SE-EDS78DI";"EVOLIFT - PUERTA ABATIBLE DOBLE - CIERRE AMORTIGUADO LONGITUD BRAZO 78 CM - FUERZA DEBIL - LADO DE APLICACIÓN IZQUIERDO";"HERRAJES SALICE";"Sistemas de elevación";"Configurar peso por unidad de venta para calcular despacho"
"18-SE-EDS91DD";"EVOLIFT - PUERTA ABATIBLE DOBLE - CIERRE AMORTIGUADO LONGITUD BRAZO 91 CM - FUERZA DEBIL - LADO DE APLICACIÓN DERECHO";"HERRAJES SALICE";"Sistemas de elevación";"Configurar complementos compatibles antes de cotizar"
"18-SE-EDS91DD";"EVOLIFT - PUERTA ABATIBLE DOBLE - CIERRE AMORTIGUADO LONGITUD BRAZO 91 CM - FUERZA DEBIL - LADO DE APLICACIÓN DERECHO";"HERRAJES SALICE";"Sistemas de elevación";"Configurar peso por unidad de venta para calcular despacho"
"18-SE-EDS91DI";"EVOLIFT - PUERTA ABATIBLE DOBLE - CIERRE AMORTIGUADO LONGITUD BRAZO 91 CM - FUERZA DEBIL - LADO DE APLICACIÓN IZQUIERDO";"HERRAJES SALICE";"Sistemas de elevación";"Configurar complementos compatibles antes de cotizar"
"18-SE-EDS91DI";"EVOLIFT - PUERTA ABATIBLE DOBLE - CIERRE AMORTIGUADO LONGITUD BRAZO 91 CM - FUERZA DEBIL - LADO DE APLICACIÓN IZQUIERDO";"HERRAJES SALICE";"Sistemas de elevación";"Configurar peso por unidad de venta para calcular despacho"
"18-SE-EDS91FD";"EVOLIFT - PUERTA ABATIBLE DOBLE - CIERRE AMORTIGUADO LONGITUD BRAZO 91 CM - FUERZA FUERTE - LADO DE APLICACIÓN DERECHO";"HERRAJES SALICE";"Sistemas de elevación";"Configurar complementos compatibles antes de cotizar"
"18-SE-EDS91FD";"EVOLIFT - PUERTA ABATIBLE DOBLE - CIERRE AMORTIGUADO LONGITUD BRAZO 91 CM - FUERZA FUERTE - LADO DE APLICACIÓN DERECHO";"HERRAJES SALICE";"Sistemas de elevación";"Configurar peso por unidad de venta para calcular despacho"
"18-SE-EDS91FI";"EVOLIFT - PUERTA ABATIBLE DOBLE - CIERRE AMORTIGUADO LONGITUD BRAZO 91 CM - FUERZA FUERTE - LADO DE APLICACIÓN IZQUIERDO";"HERRAJES SALICE";"Sistemas de elevación";"Configurar complementos compatibles antes de cotizar"
"18-SE-EDS91FI";"EVOLIFT - PUERTA ABATIBLE DOBLE - CIERRE AMORTIGUADO LONGITUD BRAZO 91 CM - FUERZA FUERTE - LADO DE APLICACIÓN IZQUIERDO";"HERRAJES SALICE";"Sistemas de elevación";"Configurar peso por unidad de venta para calcular despacho"
"18-SE-EDTDB";"EVOLIFT - PUERTA ABATIBLE DOBLE - TAPA DE COBERTURA DERECHO COLOR BLANCO PARA SISTEMA DOBLE";"HERRAJES SALICE";"Sistemas de elevación";"Configurar peso por unidad de venta para calcular despacho"
"18-SE-EDTDT";"EVOLIFT - PUERTA ABATIBLE DOBLE - TAPA DE COBERTURA DERECHO COLOR TITANIO PARA SISTEMA DOBLE";"HERRAJES SALICE";"Sistemas de elevación";"Configurar peso por unidad de venta para calcular despacho"
"18-SE-EDTIB";"EVOLIFT - PUERTA ABATIBLE DOBLE - TAPA DE COBERTURA IZQUIERDA COLOR BLANCO PARA SISTEMA DOBLE";"HERRAJES SALICE";"Sistemas de elevación";"Configurar peso por unidad de venta para calcular despacho"
"18-SE-EDTIT";"EVOLIFT - PUERTA ABATIBLE DOBLE - TAPA DE COBERTURA IZQUIERDA COLOR TITANIO PARA SISTEMA DOBLE";"HERRAJES SALICE";"Sistemas de elevación";"Configurar peso por unidad de venta para calcular despacho"
"18-SE-EPSDP";"EVOLIFT - PUERTA PARALELA";"HERRAJES SALICE";"Sistemas de elevación";"Configurar complementos compatibles antes de cotizar"
"18-SE-EPSDP";"EVOLIFT - PUERTA PARALELA";"HERRAJES SALICE";"Sistemas de elevación";"Configurar peso por unidad de venta para calcular despacho"
"18-SE-EPBE";"EVOLIFT - PUERTA PARALELA - BARRA ESTABILIZADORA";"HERRAJES SALICE";"Sistemas de elevación";"Configurar peso por unidad de venta para calcular despacho"
"18-SE-EPBP";"EVOLIFT - PUERTA PARALELA - TAPA COBERTURA PUERTA PARALELA COLOR BLANCO DER & IZQ.";"HERRAJES SALICE";"Sistemas de elevación";"Configurar peso por unidad de venta para calcular despacho"
"18-SE-EPTP";"EVOLIFT - PUERTA PARALELA - TAPA COBERTURA PUERTA PARALELA COLOR TITANIO DER & IZQ.";"HERRAJES SALICE";"Sistemas de elevación";"Configurar peso por unidad de venta para calcular despacho"
"18-SE-ESSDD";"EVOLIFT - SIMPLE  - CIERRE SUAVE - FUERZA DEBIL - LADO DERECHO";"HERRAJES SALICE";"Sistemas de elevación";"Configurar complementos compatibles antes de cotizar"
"18-SE-ESSDD";"EVOLIFT - SIMPLE  - CIERRE SUAVE - FUERZA DEBIL - LADO DERECHO";"HERRAJES SALICE";"Sistemas de elevación";"Configurar peso por unidad de venta para calcular despacho"
"18-SE-ESSDI";"EVOLIFT - SIMPLE  - CIERRE SUAVE - FUERZA DEBIL - LADO IZQUIERDO";"HERRAJES SALICE";"Sistemas de elevación";"Configurar complementos compatibles antes de cotizar"
"18-SE-ESSDI";"EVOLIFT - SIMPLE  - CIERRE SUAVE - FUERZA DEBIL - LADO IZQUIERDO";"HERRAJES SALICE";"Sistemas de elevación";"Configurar peso por unidad de venta para calcular despacho"
"18-SE-ESSFD";"EVOLIFT - SIMPLE  - CIERRE SUAVE - FUERZA FUERTE - LADO DERECHO";"HERRAJES SALICE";"Sistemas de elevación";"Configurar complementos compatibles antes de cotizar"
"18-SE-ESSFD";"EVOLIFT - SIMPLE  - CIERRE SUAVE - FUERZA FUERTE - LADO DERECHO";"HERRAJES SALICE";"Sistemas de elevación";"Configurar peso por unidad de venta para calcular despacho"
"18-SE-ESSFI";"EVOLIFT - SIMPLE  - CIERRE SUAVE - FUERZA FUERTE - LADO IZQUIERDO";"HERRAJES SALICE";"Sistemas de elevación";"Configurar complementos compatibles antes de cotizar"
"18-SE-ESSFI";"EVOLIFT - SIMPLE  - CIERRE SUAVE - FUERZA FUERTE - LADO IZQUIERDO";"HERRAJES SALICE";"Sistemas de elevación";"Configurar peso por unidad de venta para calcular despacho"
"18-SE-ESPDD";"EVOLIFT - SIMPLE  - PUSH - FUERZA DEBIL - LADO DERECHO";"HERRAJES SALICE";"Sistemas de elevación";"Configurar complementos compatibles antes de cotizar"
"18-SE-ESPDD";"EVOLIFT - SIMPLE  - PUSH - FUERZA DEBIL - LADO DERECHO";"HERRAJES SALICE";"Sistemas de elevación";"Configurar peso por unidad de venta para calcular despacho"
"18-SE-ESPDI";"EVOLIFT - SIMPLE  - PUSH - FUERZA DEBIL - LADO IZQUIERDO";"HERRAJES SALICE";"Sistemas de elevación";"Configurar complementos compatibles antes de cotizar"
"18-SE-ESPDI";"EVOLIFT - SIMPLE  - PUSH - FUERZA DEBIL - LADO IZQUIERDO";"HERRAJES SALICE";"Sistemas de elevación";"Configurar peso por unidad de venta para calcular despacho"
"18-SE-ESTDB";"EVOLIFT - SIMPLE  - TAPA - BLANCO - LADO DERECHO";"HERRAJES SALICE";"Sistemas de elevación";"Configurar peso por unidad de venta para calcular despacho"
"18-SE-ESTIB";"EVOLIFT - SIMPLE  - TAPA - BLANCO - LADO IZQUIERDO";"HERRAJES SALICE";"Sistemas de elevación";"Configurar peso por unidad de venta para calcular despacho"
"18-SE-ESTDT";"EVOLIFT - SIMPLE  - TAPA - TITANIO - LADO DERECHO";"HERRAJES SALICE";"Sistemas de elevación";"Configurar peso por unidad de venta para calcular despacho"
"18-SE-ESTIT";"EVOLIFT - SIMPLE  - TAPA - TITANIO - LADO IZQUIERDO";"HERRAJES SALICE";"Sistemas de elevación";"Configurar peso por unidad de venta para calcular despacho"
"18-SE-PACB";"PACTA - COMPLEMENTO -  BISAGRA CENTRAL";"HERRAJES SALICE";"Bisagras, bases y accesorios";"Configurar peso por unidad de venta para calcular despacho"
"18-SE-PSMP";"PACTA - PAR DE MECANISMO AMORTIGUADO - FUERZA MEDIA";"HERRAJES SALICE";"Sistemas de elevación";"Configurar complementos compatibles antes de cotizar"
"18-SE-PSMP";"PACTA - PAR DE MECANISMO AMORTIGUADO - FUERZA MEDIA";"HERRAJES SALICE";"Sistemas de elevación";"Configurar peso por unidad de venta para calcular despacho"
"18-SE-PPMP";"PACTA - PAR DE MECANISMO PUSH - FUERZA MEDIA";"HERRAJES SALICE";"Sistemas de elevación";"Configurar complementos compatibles antes de cotizar"
"18-SE-PPMP";"PACTA - PAR DE MECANISMO PUSH - FUERZA MEDIA";"HERRAJES SALICE";"Sistemas de elevación";"Configurar peso por unidad de venta para calcular despacho"
"18-SE-PTBP";"PACTA - PAR DE TAPAS - BLANCO BRILLANTE";"HERRAJES SALICE";"Sistemas de elevación";"Configurar peso por unidad de venta para calcular despacho"
"18-SE-PTNP";"PACTA - PAR DE TAPAS - NEGRO SATINADO";"HERRAJES SALICE";"Sistemas de elevación";"Configurar peso por unidad de venta para calcular despacho"
"18-SE-WINDPSS";"WIND - PAR DE SOPORTES Y TAPA DE SISTEMA COLOR BLANCO";"HERRAJES SALICE";"Sistemas de elevación";"Configurar peso por unidad de venta para calcular despacho"
"18-SE-WINDPTB";"WIND - PAR DE TAPAS DE SISTEMA COLOR BLANCO";"HERRAJES SALICE";"Sistemas de elevación";"Configurar peso por unidad de venta para calcular despacho"
"18-SE-WINDPTN";"WIND - PAR DE TAPAS DE SISTEMA COLOR NEGRO";"HERRAJES SALICE";"Sistemas de elevación";"Configurar peso por unidad de venta para calcular despacho"
"18-SE-WINDPP";"WIND - SISTEMA APERTURA PUSH (PAR)";"HERRAJES SALICE";"Sistemas de elevación";"Configurar complementos compatibles antes de cotizar"
"18-SE-WINDPP";"WIND - SISTEMA APERTURA PUSH (PAR)";"HERRAJES SALICE";"Sistemas de elevación";"Configurar peso por unidad de venta para calcular despacho"
"18-SE-WINDPS";"WIND - SISTEMA APERTURA Y CIERRE AMORTIGUADO (PAR)";"HERRAJES SALICE";"Sistemas de elevación";"Configurar complementos compatibles antes de cotizar"
"18-SE-WINDPS";"WIND - SISTEMA APERTURA Y CIERRE AMORTIGUADO (PAR)";"HERRAJES SALICE";"Sistemas de elevación";"Configurar peso por unidad de venta para calcular despacho"
"SER-112";"CORTADOR - EXTERNO";"SERVICIOS PARA TABLEROS";"Dimensionados de Tableros";"Configurar precio de venta antes de cotizar"
"15-2026-0005";"FREGADERO 40CM X ML - NEOLITH";"OTROS SERVICIOS";"Fabricación de placas";"Configurar peso por unidad de venta para calcular despacho"
"15-2026-0009";"FREGADERO 50CM X ML - NEOLITH";"OTROS SERVICIOS";"Fabricación de placas";"Configurar peso por unidad de venta para calcular despacho"
"15-2026-0008";"FREGADERO 60CM X ML - NEOLITH";"OTROS SERVICIOS";"Fabricación de placas";"Configurar peso por unidad de venta para calcular despacho"
"SER-0082";"INSTALACION NEOLITH - E";"OTROS SERVICIOS";"Instalación de placas";"Configurar precio de venta antes de cotizar"
"SER-0045";"INSTALACION NEOLITH - I";"OTROS SERVICIOS";"Instalación de placas";"Configurar precio de venta antes de cotizar"